,,,Premature death,Premature death,Premature death,Premature death,Premature death,Premature death,Premature death,Premature death,Premature death,Premature death,Premature death,Premature death,Premature death,Premature death,Premature death,Premature death,Premature death,Premature death,Premature death,Premature death,Poor or fair health,Poor or fair health,Poor or fair health,Poor or fair health,Poor physical health days,Poor physical health days,Poor physical health days,Poor physical health days,Poor mental health days,Poor mental health days,Poor mental health days,Poor mental health days,Adult smoking,Adult smoking,Adult smoking,Adult smoking,Adult obesity,Adult obesity,Adult obesity,Adult obesity,Food environment index,Food environment index,Physical inactivity,Physical inactivity,Physical inactivity,Physical inactivity,Access to exercise opportunities,Access to exercise opportunities,Excessive drinking,Excessive drinking,Excessive drinking,Excessive drinking,Alcohol-impaired driving deaths,Alcohol-impaired driving deaths,Alcohol-impaired driving deaths,Alcohol-impaired driving deaths,Alcohol-impaired driving deaths,Alcohol-impaired driving deaths,Sexually transmitted infections,Sexually transmitted infections,Sexually transmitted infections,Teen Birth Rate,Teen Birth Rate,Teen Birth Rate,Teen Birth Rate,Teen Birth Rate,Teen Birth Rate,Teen Birth Rate,Teen Birth Rate,Teen Birth Rate,Teen Birth Rate,Teen Birth Rate,Teen Birth Rate,Teen Birth Rate,Teen Birth Rate,Teen Birth Rate,Teen Birth Rate,Teen Birth Rate,Teen Birth Rate,Teen Birth Rate,Uninsured,Uninsured,Uninsured,Uninsured,Uninsured,Primary care physicians,Primary care physicians,Primary care physicians,Primary care physicians,Mental health providers,Mental health providers,Mental health providers,Mental health providers,Preventable Hospitalization Rate,Preventable Hospitalization Rate,Preventable Hospitalization Rate,Preventable Hospitalization Rate,Preventable Hospitalization Rate,Preventable Hospitalization Rate,Preventable Hospitalization Rate,Flu vaccinations,Flu vaccinations,Flu vaccinations,Flu vaccinations,Flu vaccinations,Flu vaccinations,Flu vaccinations,High school graduation,High school graduation,High school graduation,Some college,Some college,Some college,Some college,Some college,Some college,Unemployment,Unemployment,Unemployment,Unemployment,Children in poverty,Children in poverty,Children in poverty,Children in poverty,Children in poverty,Children in poverty,Children in poverty,Children in poverty,Children in poverty,Income inequality,Income inequality,Income inequality,Income inequality,Children in single-parent households,Children in single-parent households,Children in single-parent households,Children in single-parent households,Children in single-parent households,Children in single-parent households,Social associations,Social associations,Social associations,Violent crime,Violent crime,Violent crime,Injury deaths,Injury deaths,Injury deaths,Injury deaths,Injury deaths,Injury deaths,Injury deaths,Injury deaths,Injury deaths,Injury deaths,Injury deaths,Injury deaths,Injury deaths,Injury deaths,Injury deaths,Injury deaths,Injury deaths,Injury deaths,Injury deaths,Injury deaths,Air pollution - particulate matter,Air pollution - particulate matter,Drinking water violations,Drinking water violations,Severe housing problems,Severe housing problems,Severe housing problems,Severe housing problems,Severe housing problems,Severe housing problems,Severe housing problems,Severe housing problems,Severe housing problems,Severe housing problems,Severe housing problems,Severe housing problems,Severe housing problems,Driving alone to work,Driving alone to work,Driving alone to work,Driving alone to work,Driving alone to work,Driving alone to work,Driving alone to work,Driving alone to work,Driving alone to work,Driving alone to work,Driving alone to work,Driving alone to work,Driving alone to work,Driving alone to work,Driving alone to work,Driving alone to work,Driving alone to work,Driving alone to work,Driving alone to work,Median household income,Median household income,Median household income,Median household income,Median household income,Median household income,Median household income,Median household income,Median household income,Median household income,Median household income,Median household income,Median household income,Median household income,Median household income,Median household income,Median household income,Median household income,Children eligible for free or reduced price lunch,Residential segregation - Black/White,Residential segregation - non-White/White,Homeownership,Homeownership,Homeownership,Homeownership,Severe housing cost burden,Severe housing cost burden,Severe housing cost burden,Severe housing cost burden,Demographics,Demographics,Demographics,Demographics,Demographics,Demographics,Demographics,Demographics,Demographics,Demographics,Demographics,Demographics,Demographics,Demographics,Demographics,Demographics,Demographics,Demographics,Demographics,Demographics,Demographics,Demographics,Rankings,Rankings,Rankings,Rankings,Rankings,Rankings,Rankings,Rankings,Rankings,Rankings,Rankings,Rankings
FIPS,State,County,Deaths,Years of Potential Life Lost Rate,95LCI,95HCI,Z-Score,YPLL Rate (AIAN),YPLL Rate (AIAN) 95Perc CI - Low,YPLL Rate (AIAN) 95Perc CI - High,YPLL Rate (Asian),YPLL Rate (Asian) 95Perc CI - Low,YPLL Rate (Asian) 95Perc CI - High,YPLL Rate Black,YPLL Rate Black 95LCI,YPLL Rate Black 95HCI,YPLL Rate Hispanic,YPLL Rate Hispanic 95LCI,YPLL Rate Hispanic 95HCI,YPLL Rate White,YPLL Rate White 95LCI,YPLL Rate White 95HCI,Perc Fair or Poor Health,95LCI,95HCI,Z-Score,Average Number of Physically Unhealthy Days,95LCI,95HCI,Z-Score,Average Number of Mentally Unhealthy Days,95LCI,95HCI,Z-Score,Perc Smokers,95LCI,95HCI,Z-Score,Perc Adults with Obesity,95LCI,95HCI,Z-Score,Food Environment Index,Z-Score,Perc Physically Inactive,95LCI,95HCI,Z-Score,Perc With Access to Exercise Opportunities,Z-Score,Perc Excessive Drinking,95LCI,95HCI,Z-Score,Num Alcohol-Impaired Driving Deaths,Num Driving Deaths,Perc Driving Deaths with Alcohol Involvement,95LCI,95HCI,Z-Score,Num Chlamydia Cases,Chlamydia Rate,Z-Score,Teen Birth Rate,95LCI,95HCI,Z-Score,Teen Birth Rate AIAN,Teen Birth Rate AIAN 95LCI,Teen Birth Rate AIAN 95HCI,Teen Birth Rate Asian,Teen Birth Rate Asian 95LCI,Teen Birth Rate Asian 95HCI,Teen Birth Rate Black,Teen Birth Rate Black 95LCI,Teen Birth Rate Black 95HCI,Teen Birth Rate Hispanic,Teen Birth Rate Hispanic 95LCI,Teen Birth Rate Hispanic 95HCI,Teen Birth Rate White,Teen Birth Rate White 95LCI,Teen Birth Rate White 95HCI,Num Uninsured,Perc Uninsured,95LCI,95HCI,Z-Score,Num Primary Care Physicians,Primary Care Physicians Rate,Primary Care Physicians Ratio,Z-Score,Num Mental Health Providers,Mental Health Provider Rate,Mental Health Provider Ratio,Z-Score,Preventable Hospitalization Rate,Z-Score,Preventable Hosp. Rate AIAN,Preventable Hosp. Rate Asian,Preventable Hosp. Rate Black,Preventable Hosp. Rate Hispanic,Preventable Hosp. Rate White,Perc Vaccinated,Z-Score,Perc Vaccinated AIAN,Perc Vaccinated Asian,Perc Vaccinated Black,Perc Vaccinated Hispanic,Perc Vaccinated White,Cohort Size,High School Graduation Rate,Z-Score,Num Some College,Population,Perc Some College,95LCI,95HCI,Z-Score,Num Unemployed,Labor Force,Perc Unemployed,Z-Score,Perc Children in Poverty,95LCI,95HCI,Z-Score,Perc Children in Poverty AIAN,Perc Children in Poverty Asian,Perc Children in Poverty Black,Perc Children in Poverty Hispanic,Perc Children in Poverty White,80th Percentile Income,20th Percentile Income,Income Ratio,Z-Score,Num Single-Parent Households,Num Households,Perc Single-Parent Households,95LCI,95HCI,Z-Score,Num Associations,Social Association Rate,Z-Score,Annual Average Violent Crimes,Violent Crime Rate,Z-Score,Num Injury Deaths,Injury Death Rate,95LCI,95HCI,Z-Score,Injury Death Rate AIAN,Injury Death Rate AIAN 95LCI,Injury Death Rate AIAN 95HCI,Injury Death Rate Asian,Injury Death Rate Asian 95LCI,Injury Death Rate Asian 95HCI,Injury Death Rate Black,Injury Death Rate Black 95LCI,Injury Death Rate Black 95HCI,Injury Death Rate Hispanic,Injury Death Rate Hispanic 95LCI,Injury Death Rate Hispanic 95HCI,Injury Death Rate White,Injury Death Rate White 95LCI,Injury Death Rate White 95HCI,Average Daily PM2.5,Z-Score,Presence of Water Violation,Z-Score,Perc Severe Housing Problems,95LCI,95HCI,Severe Housing Cost Burden,Severe Housing Cost Burden 95LCI,Severe Housing Cost Burden 95HCI,Overcrowding,Overcrowding 95LCI,Overcrowding 95HCI,Inadequate Facilities,Inadequate Facilities 95LCI,Inadequate Facilities 95HCI,Z-Score,Perc Drive Alone to Work,95LCI,95HCI,Z-Score,Perc Drive Alone AIAN,Perc Drive Alone AIAN 95LCI,Perc Drive Alone AIAN 95HCI,Perc Drive Alone Asian,Perc Drive Alone Asian 95LCI,Perc Drive Alone Asian 95HCI,Perc Drive Alone Black,Perc Drive Alone Black 95LCI,Perc Drive Alone Black 95HCI,Perc Drive Alone Hispanic,Perc Drive Alone Hispanic 95LCI,Perc Drive Alone Hispanic 95HCI,Perc Drive Alone White,Perc Drive Alone White 95LCI,Perc Drive Alone White 95HCI,Median Household Income,95Perc CI - Low,95Perc CI - High,Household Income (AIAN),Household Income (AIAN) 95Perc CI - Low,Household Income (AIAN) 95Perc CI - High,Household Income (Asian),Household Income (Asian) 95Perc CI - Low,Household Income (Asian) 95Perc CI - High,Household Income (Black),Household Income (Black) 95Perc CI - Low,Household Income (Black) 95Perc CI - High,Household Income (Hispanic),Household Income (Hispanic) 95Perc CI - Low,Household Income (Hispanic) 95Perc CI - High,Household Income (White),Household Income (White) 95Perc CI - Low,Household Income (White) 95Perc CI - High,Perc Enrolled in Free or Reduced Lunch,Segregation index,Segregation Index,Num Homeowners,Perc Homeowners,95Perc CI - Low,95Perc CI - High,Num Households with Severe Cost Burden,Perc Severe Housing Cost Burden,95Perc CI - Low,95Perc CI - High,Population,Perc less than 18 years of age,Perc 65 and over,Num Black,Perc Black,Num American Indian & Alaska Native,Perc American Indian & Alaska Native,Num Asian,Perc Asian,Num Native Hawaiian/Other Pacific Islander,Perc Native Hawaiian/Other Pacific Islander,Num Hispanic,Perc Hispanic,Num Non-Hispanic White,Perc Non-Hispanic White,Num Not Proficient in English,Perc Not Proficient in English,95Perc CI - Low,95Perc CI - High,Perc Female,Num Rural,Perc Rural,Length of Life Z-Score,Length of Life Rank,Quality of Life Z-Score,Quality of Life Rank,Health Behaviors Z-Score,Health Behaviors Rank,Clinical Care Z-Score,Clinical Care Rank,Socio-Economic Factors Z-Score,Socio-Economic  Factors Rank,Physical Environment Z-Score,Physical Environment Rank
08000,Colorado,State Average,52817.0,5944.2,5871.5,6016.9,,,,,,,,,,,,,,,,,14.5,13.6,15.4,,3.4,3.3,3.6,,3.8,3.6,4.1,,14.6,13.7,15.6,,21.8,,,,8.4,,15.5,,,,90.5,,20.5,19.4,21.6,,996.0,2923.0,34.1,33.2,35.0,,26995.0,481.4,,19.4,19.2,19.7,,,,,,,,,,,,,,,,,410250.0,8.7,8.3,9.0,,4598.0,82.0,1219:1,,20255.0,355.6,281:1,,2833.0,,,,,,,48.0,,,,,,,65933.0,80.7,,1146605.0,1598434.0,71.7,71.2,72.2,,101608.0,3096364.0,3.3,,12.1,11.3,12.9,,,,,,,132184.0,30158.0,4.4,,337593.0,1248456.0,27.0,26.5,27.6,,4907.0,8.8,,17768.5,326.1,,21576.0,78.0,77.0,79.1,,,,,,,,,,,,,,,,,5.1,,,,16.5,16.3,16.7,,,,,,,,,,,75.3,75.1,75.6,,,,,,,,,,,,,,,,,71949,71186,72712,,,,,,,,,,,,,,,,42,62,37,1371145,65,64,65,291884,14,14,14,5695564,22.2,14.2,229085,4.0,91120,1.6,197634,3.5,10933,0.2,1235117,21.7,3868329,67.9,157143,3,3,3,49.6,696435,13.8,,,,,,,,,,,,
08001,Colorado,Adams,4658.0,6436.7,6191.0,6682.4,-0.2,10364.8,6941.5,14885.6,4111.3,3166.2,5056.3,9085.4,7549.8,10621.0,5674.7,5309.0,6040.3,6750.2,6388.1,7112.2,16.6,16.3,17.0,0.6,3.5,3.4,3.6,0.0,3.8,3.7,3.9,0.1,16.3,15.9,16.7,1.2,27.8,25.7,30.0,0.5,8.7,-0.8,19.9,18.2,21.6,0.1,93.1,-0.9,18.9,18.4,19.5,0.2,83.0,251.0,33.1,29.9,36.2,0.1,2831.0,562.6,1.4,27.1,26.1,28.1,0.4,27.6,17.1,42.2,12.2,9.2,15.9,23.3,18.8,27.7,34.4,32.9,35.9,17.9,16.6,19.1,49175.0,11.0,10.1,12.0,0.1,219.0,43.5,2298:1,0.8,1714.0,334.9,299:1,-0.5,3120.0,0.2,1815.0,2763.0,4162.0,2772.0,3154.0,46.0,-0.5,32.0,49.0,39.0,39.0,47.0,5998.0,77.3,1.0,87544.0,153466.0,57.0,55.6,58.5,0.5,9369.0,269911.0,3.5,0.1,12.6,9.7,15.5,-0.6,21.5,17.1,26.7,21.2,6.8,120072.0,32226.0,3.7,-1.0,41739.0,134543.0,31.0,28.9,33.2,0.5,249.0,4.9,0.9,1824.5,372.4,1.3,1907.0,76.7,73.3,80.2,-0.6,110.3,66.4,172.2,42.1,30.8,56.1,82.3,64.5,103.4,54.6,50.0,59.2,95.6,90.2,100.9,9.2,2.8,Yes,0.9,18.1,17.3,19.0,13.6,12.8,14.3,5.4,4.8,5.9,0.6,0.4,0.7,0.5,78.2,77.6,78.9,0.8,79.1,48.5,100.0,69.3,67.8,70.9,77.1,70.9,83.2,77.5,75.4,79.6,82.1,81.6,82.6,70199,67283,73115,60576,52693,68459,64762,58216,71308,48946,37535,60357,54738,52566,56910,77203,75457,78949,54,50,28,107175,65,64,66,22708,14,13,15,511868,26.5,10.5,16321,3.2,11654,2.3,22372,4.4,1108,0.2,207045,40.4,253905,49.6,30291,7,6,7,49.5,15988,3.6,-0.11,24,0.00,39,0.18,50,0.03,39,0.07,40,0.13,60
08003,Colorado,Alamosa,206.0,9380.5,7634.1,11127.0,1.0,,,,,,,,,,10876.2,8237.9,13514.4,8689.3,6120.6,11258.1,22.8,22.2,23.5,2.2,4.5,4.4,4.7,2.3,4.4,4.3,4.6,2.2,17.3,16.7,17.9,1.8,24.0,17.9,30.6,-0.1,8.2,-0.2,23.9,18.2,30.5,0.9,83.1,-0.4,16.5,15.8,17.3,-0.7,7.0,18.0,38.9,26.4,50.7,0.5,97.0,586.1,1.5,19.7,16.0,23.4,-0.3,,,,,,,,,,22.4,17.1,28.9,11.6,7.8,16.6,1706.0,13.2,11.3,15.1,0.9,13.0,78.5,1273:1,-0.2,236.0,1414.6,71:1,-3.0,2265.0,-0.4,,,,2099.0,2170.0,41.0,0.0,,,,43.0,40.0,160.0,80.0,0.6,2426.0,4021.0,60.3,52.2,68.5,0.2,352.0,8447.0,4.2,0.9,24.3,15.7,32.9,0.8,,,,32.8,10.8,77301.0,14855.0,5.2,1.6,828.0,3890.0,21.3,13.2,29.4,-0.7,17.0,10.3,0.0,,,0.0,74.0,89.6,70.4,112.5,-0.2,,,,,,,,,,121.7,89.1,162.3,68.1,45.3,98.5,4.6,-0.7,Yes,0.9,19.5,14.5,24.5,15.9,11.1,20.7,4.3,2.0,6.6,0.9,0.0,2.1,0.8,77.0,72.4,81.7,0.6,,,,,,,,,,73.3,67.6,79.0,76.0,72.0,80.0,42897,37542,48252,51167,40251,62083,,,,27465,17794,37136,31142,25095,37189,48042,42583,53501,45,29,10,3428,56,52,59,774,13,9,17,16683,24.0,13.6,219,1.3,884,5.3,274,1.6,42,0.3,7642,45.8,8065,48.3,640,4,2,6,49.9,5694,36.9,0.51,52,0.72,57,0.21,54,-0.01,30,0.20,47,0.02,41
08005,Colorado,Arapahoe,5228.0,5338.0,5132.2,5543.9,-0.7,,,,3446.1,2732.6,4159.6,7463.4,6739.7,8187.1,4584.5,4164.6,5004.4,5309.9,5045.6,5574.1,11.7,11.4,12.0,-0.7,3.1,3.0,3.2,-0.9,3.5,3.4,3.6,-0.8,13.3,12.9,13.6,-0.6,22.1,20.6,23.6,-0.5,8.4,-0.4,16.6,15.3,17.9,-0.5,98.1,-1.1,17.9,17.4,18.3,-0.2,75.0,205.0,36.6,33.2,40.0,0.4,3718.0,578.2,1.5,17.8,17.1,18.6,-0.5,16.4,8.9,27.4,8.6,6.8,10.7,20.9,18.8,23.0,34.2,32.2,36.1,9.7,8.9,10.4,47630.0,8.5,7.8,9.2,-0.8,538.0,83.7,1195:1,-0.4,2336.0,358.7,279:1,-0.6,3069.0,0.2,2583.0,2357.0,5074.0,3545.0,2861.0,53.0,-1.2,52.0,51.0,37.0,39.0,54.0,8525.0,83.5,0.2,134942.0,188738.0,71.5,70.1,72.9,-0.6,11689.0,362692.0,3.2,-0.1,10.3,8.0,12.6,-0.8,18.7,14.1,19.3,19.4,5.4,138373.0,34762.0,4.0,-0.5,42710.0,151965.0,28.1,26.4,29.8,0.2,512.0,8.0,0.4,2081.5,330.0,1.0,2122.0,66.7,63.9,69.5,-1.0,90.8,51.9,147.5,31.6,24.4,40.2,60.1,52.1,68.0,41.0,35.9,46.1,79.1,75.2,83.0,8.1,2.0,No,-1.1,16.5,16.0,17.1,14.0,13.4,14.6,3.0,2.7,3.3,0.6,0.5,0.7,0.1,77.6,76.9,78.3,0.7,74.0,66.2,81.9,72.1,71.0,73.1,73.3,70.8,75.8,78.0,76.3,79.6,81.7,80.9,82.5,76665,74432,78898,56181,42057,70305,74286,65682,82890,55141,52056,58226,56730,54639,58821,81993,80594,83392,42,46,36,149832,63,62,64,32752,14,13,15,651215,23.6,13.1,68474,10.5,7461,1.1,42147,6.5,1885,0.3,126911,19.5,390078,59.9,24496,4,4,4,50.4,9011,1.6,-0.34,11,-0.25,14,-0.09,19,-0.13,9,-0.09,27,0.05,52
08007,Colorado,Archuleta,154.0,6069.4,4435.4,7703.5,-0.4,,,,,,,,,,,,,,,,13.8,13.4,14.3,-0.2,3.4,3.3,3.6,-0.1,3.8,3.6,3.9,0.0,13.5,12.9,14.0,-0.5,23.9,17.9,30.5,-0.2,7.8,0.2,12.5,8.3,17.7,-1.3,89.4,-0.7,15.9,15.3,16.6,-0.9,4.0,15.0,26.7,13.0,41.4,-0.3,20.0,150.2,-1.0,18.9,13.5,25.7,-0.4,,,,,,,,,,29.4,16.8,47.7,16.6,10.6,24.7,1267.0,12.9,11.1,14.7,0.8,12.0,90.1,1110:1,-0.6,21.0,152.6,655:1,0.4,2929.0,0.1,,,,,,32.0,0.9,,,,26.0,32.0,83.0,84.3,0.1,1727.0,2559.0,67.5,56.9,78.1,-0.3,236.0,6928.0,3.4,0.1,20.7,13.4,28.0,0.4,,,,37.1,7.8,94253.0,24031.0,3.9,-0.6,466.0,2209.0,21.1,12.6,29.6,-0.7,16.0,12.0,-0.3,23.5,190.3,0.0,60.0,93.0,71.0,119.7,-0.1,,,,,,,,,,,,,,,,4.4,-0.8,Yes,0.9,18.7,14.6,22.8,13.8,9.8,17.8,4.0,1.4,6.6,1.3,0.4,2.2,0.6,74.3,70.3,78.4,0.2,,,,,,,,,,82.0,73.0,91.1,72.6,68.4,76.8,53337,46943,59731,,,,85612,21784,149440,,,,37755,28328,47182,54813,47858,61768,52,,9,4228,75,72,77,766,14,10,17,13765,18.1,26.0,83,0.6,477,3.5,165,1.2,18,0.1,2511,18.2,10572,76.8,118,1,0,2,49.9,7175,59.4,-0.19,21,-0.19,20,-0.15,13,0.03,42,-0.02,32,0.01,33
08009,Colorado,Baca,,,,,0.0,,,,,,,,,,,,,,,,15.6,15.0,16.2,0.3,3.8,3.6,4.0,0.7,4.1,4.0,4.3,1.3,15.2,14.6,15.8,0.5,30.8,23.1,39.6,1.0,7.5,0.5,28.5,20.6,36.8,1.7,81.3,-0.3,15.9,15.2,16.6,-0.9,1.0,11.0,9.1,0.5,28.3,-1.4,4.0,112.3,-1.2,37.9,24.8,55.5,1.4,,,,,,,,,,,,,,,,408.0,15.8,13.4,18.2,1.8,3.0,84.2,1187:1,-0.4,1.0,27.9,3585:1,0.9,8662.0,3.0,,,,,,22.0,1.8,,,,32.0,22.0,43.0,90.7,-0.7,492.0,749.0,65.7,55.4,76.0,-0.2,41.0,2229.0,1.8,-1.5,29.3,19.3,39.3,1.4,,,,40.0,25.3,80548.0,17686.0,4.6,0.5,159.0,721.0,22.1,12.9,31.2,-0.6,6.0,16.8,-1.1,3.5,96.5,-0.7,29.0,161.3,108.0,231.7,2.3,,,,,,,,,,,,,,,,5.6,0.1,Yes,0.9,11.3,7.7,14.9,9.1,5.3,12.9,1.6,0.0,3.3,1.9,0.1,3.8,-1.2,78.6,74.9,82.2,0.8,,,,,,,,,,,,,,,,38294,33453,43135,,,,,,,,,,28125,22530,33720,40000,35387,44613,65,,15,1178,72,67,76,147,10,6,14,3585,22.4,24.7,27,0.8,70,2.0,14,0.4,0,0.0,395,11.0,3029,84.5,89,3,0,5,49.8,3788,100.0,0.00,27,-0.12,27,0.09,41,0.29,60,-0.09,28,0.01,31
08011,Colorado,Bent,106.0,10020.2,6384.2,13656.1,1.3,,,,,,,,,,,,,,,,20.0,19.4,20.6,1.4,4.1,4.0,4.3,1.4,4.0,3.8,4.1,0.8,18.2,17.6,18.8,2.4,30.0,21.9,39.1,0.9,7.2,0.8,24.1,17.2,32.1,0.9,81.6,-0.3,17.8,17.1,18.5,-0.2,1.0,5.0,20.0,1.6,47.8,-0.7,25.0,421.0,0.6,23.5,14.6,36.0,0.0,,,,,,,,,,,,,,,,313.0,10.4,8.7,12.0,-0.1,,,,0.0,5.0,85.0,1176:1,0.7,5023.0,1.6,,,,3676.0,5190.0,35.0,0.6,,,,41.0,33.0,348.0,82.5,0.3,572.0,2043.0,28.0,21.4,34.6,2.7,64.0,2017.0,3.2,-0.2,30.4,20.4,40.4,1.5,,,,31.2,28.3,71208.0,17016.0,4.2,-0.2,288.0,894.0,32.2,19.0,45.4,0.7,0.0,0.0,1.7,7.5,133.5,-0.4,32.0,109.8,75.1,155.0,0.5,,,,,,,,,,139.5,74.3,238.6,107.6,63.7,170.0,5.4,-0.1,No,-1.1,19.2,13.7,24.7,16.3,10.2,22.4,2.6,0.0,5.7,0.2,0.0,1.6,0.8,79.5,71.5,87.4,0.9,,,,,,,,,,,,,,,,37659,32741,42577,,,,,,,,,,25000,14415,35585,40685,30381,50989,67,,,1119,64,61,67,307,19,11,26,5882,14.9,17.9,447,7.6,205,3.5,83,1.4,7,0.1,1882,32.0,3327,56.6,121,2,,,34.6,2467,38.0,0.64,56,0.44,54,0.31,59,0.12,49,0.30,51,0.00,26
08013,Colorado,Boulder,2216.0,4233.0,3966.5,4499.6,-1.1,,,,,,,,,,4673.7,3960.4,5387.1,4226.2,3926.9,4525.5,11.6,11.3,12.0,-0.8,3.2,3.1,3.3,-0.6,3.3,3.1,3.4,-1.5,11.3,10.9,11.7,-1.8,15.2,13.6,17.1,-1.7,8.3,-0.3,9.5,8.3,10.9,-1.8,96.2,-1.0,20.2,19.6,20.9,0.7,29.0,111.0,26.1,21.3,31.2,-0.3,1281.0,397.2,0.4,7.9,7.3,8.5,-1.5,,,,,,,,,,30.4,27.6,33.1,3.0,2.5,3.4,18291.0,6.8,6.1,7.5,-1.4,399.0,123.7,808:1,-1.6,2278.0,698.6,143:1,-2.2,2572.0,-0.2,2658.0,1178.0,,2921.0,2563.0,53.0,-1.2,47.0,51.0,44.0,43.0,53.0,4739.0,89.3,-0.6,70323.0,84717.0,83.0,80.8,85.2,-1.5,5519.0,193822.0,2.8,-0.5,6.7,4.4,9.0,-1.3,24.5,4.9,12.2,22.1,6.3,160808.0,31001.0,5.2,1.6,15970.0,62209.0,25.7,23.3,28.1,-0.1,299.0,9.3,0.2,697.5,242.4,0.4,1072.0,66.9,62.9,70.9,-1.0,,,,22.9,13.8,35.8,,,,34.2,26.9,42.7,76.2,71.4,81.0,7.7,1.7,Yes,0.9,19.6,18.7,20.6,17.6,16.7,18.6,1.9,1.6,2.2,1.1,0.8,1.3,0.9,65.4,64.4,66.4,-1.1,65.1,49.9,80.2,66.9,64.3,69.5,59.9,50.6,69.2,72.6,69.4,75.9,69.8,68.7,70.8,83591,79652,87530,36890,20997,52783,90234,82076,98392,49314,42173,56455,49192,45808,52576,83417,81366,85468,26,49,25,78093,62,61,63,21705,18,17,19,326078,19.0,14.3,3116,1.0,2768,0.8,16149,5.0,242,0.1,45370,13.9,253017,77.6,5927,2,2,2,49.7,26255,8.9,-0.57,5,-0.41,5,-0.34,3,-0.23,3,-0.22,11,0.06,55
08014,Colorado,Broomfield,462.0,4551.4,3947.0,5155.8,-1.0,,,,,,,,,,4618.0,3115.8,6592.5,4661.8,3957.8,5365.8,9.7,9.4,10.1,-1.2,3.0,2.9,3.2,-1.0,3.4,3.2,3.5,-1.2,11.6,11.2,12.1,-1.6,19.6,15.7,23.6,-0.9,8.6,-0.7,13.0,10.0,16.3,-1.2,99.5,-1.2,20.1,19.4,20.9,0.7,7.0,11.0,63.6,51.3,73.3,2.1,210.0,307.3,-0.1,9.2,7.6,10.8,-1.3,,,,,,,,,,26.0,20.1,33.3,5.3,3.9,6.9,2855.0,4.8,4.1,5.5,-2.1,72.0,105.4,949:1,-1.1,100.0,144.4,693:1,0.4,1582.0,-0.9,,,,757.0,1579.0,58.0,-1.7,,50.0,44.0,50.0,59.0,,,0.0,17087.0,19680.0,86.8,82.7,90.9,-1.7,1165.0,39816.0,2.9,-0.4,5.1,3.6,6.6,-1.4,,3.2,,11.0,3.4,160813.0,42254.0,3.8,-0.8,2353.0,15675.0,15.0,12.3,17.8,-1.5,43.0,6.3,0.7,32.5,50.9,-1.1,203.0,61.3,52.8,69.7,-1.2,,,,,,,,,,44.1,26.1,69.6,66.5,56.6,76.4,8.5,2.3,No,-1.1,12.3,10.7,13.9,10.3,8.7,11.8,1.8,1.1,2.6,1.3,0.8,1.8,-1.0,76.9,75.0,78.8,0.6,,,,81.3,73.7,88.9,74.1,57.0,91.1,81.9,77.4,86.3,80.6,79.6,81.6,96924,86889,106959,81364,62395,100333,111401,96978,125824,89875,63792,115958,65854,57847,73861,92860,88040,97680,18,41,19,17722,66,65,68,2993,11,10,13,69267,23.1,13.8,893,1.3,548,0.8,4656,6.7,87,0.1,8731,12.6,53088,76.6,975,2,1,2,50.3,326,0.6,-0.51,7,-0.44,3,-0.22,6,-0.27,1,-0.34,4,0.03,45
08015,Colorado,Chaffee,216.0,5979.0,4566.2,7391.9,-0.4,,,,,,,,,,,,,,,,12.8,12.3,13.3,-0.4,3.2,3.1,3.4,-0.6,3.7,3.6,3.9,0.0,13.5,13.0,14.0,-0.5,15.6,11.8,19.9,-1.6,8.6,-0.7,17.1,13.2,21.7,-0.4,97.1,-1.1,18.6,17.8,19.3,0.1,4.0,19.0,21.1,9.5,34.5,-0.7,40.0,203.7,-0.7,15.1,10.9,20.5,-0.8,,,,,,,,,,32.2,16.1,57.5,12.8,8.7,18.3,1364.0,10.2,8.6,11.7,-0.2,18.0,91.7,1091:1,-0.6,36.0,179.8,556:1,0.2,2715.0,-0.1,,,,,,47.0,-0.6,,,,45.0,47.0,162.0,87.0,-0.3,2871.0,4580.0,62.7,53.1,72.3,0.1,261.0,9708.0,2.7,-0.7,13.7,8.9,18.5,-0.4,,,,8.3,10.2,103297.0,23500.0,4.4,0.2,679.0,2969.0,22.9,12.9,32.8,-0.5,31.0,15.8,-0.9,11.5,61.1,-1.0,86.0,89.8,71.8,110.9,-0.2,,,,,,,,,,,,,,,,4.2,-1.0,No,-1.1,14.0,10.9,17.1,12.6,9.5,15.8,1.1,0.2,2.0,0.5,0.0,1.2,-0.5,69.6,65.1,74.2,-0.5,,,,,,,,,,,,,,,,56168,50217,62119,,,,,,,,,,33021,6460,59582,55000,50972,59028,37,,41,6103,77,73,80,900,12,8,15,20027,15.0,25.4,324,1.6,326,1.6,174,0.9,17,0.1,2028,10.1,17065,85.2,110,1,0,1,47.2,6663,37.4,-0.21,20,-0.13,24,-0.21,7,-0.05,22,-0.17,20,-0.08,3
08017,Colorado,Cheyenne,,,,,0.0,,,,,,,,,,,,,,,,13.0,12.5,13.5,-0.4,3.4,3.2,3.5,-0.2,3.7,3.5,3.8,-0.3,14.0,13.5,14.6,-0.2,23.8,16.8,32.8,-0.2,8.0,0.0,30.9,21.6,41.1,2.2,48.5,1.4,18.1,17.3,18.9,-0.1,1.0,4.0,25.0,2.3,54.4,-0.4,,,0.0,,,,0.0,,,,,,,,,,,,,,,,212.0,14.9,12.8,17.0,1.5,1.0,54.2,1845:1,0.5,,,,0.0,2371.0,-0.4,,,,,,38.0,0.3,,,,,,24.0,83.3,0.2,259.0,437.0,59.3,48.8,69.7,0.3,21.0,1166.0,1.8,-1.6,20.4,13.4,27.4,0.3,,,,19.3,6.7,95048.0,23167.0,4.1,-0.3,104.0,676.0,15.4,7.0,23.8,-1.5,0.0,0.0,1.7,1.5,80.1,-0.8,11.0,118.7,59.2,212.3,0.8,,,,,,,,,,,,,,,,5.8,0.2,No,-1.1,7.7,3.9,11.6,6.9,0.8,13.0,0.5,0.0,3.7,1.0,0.0,3.2,-2.1,79.1,71.6,86.6,0.9,,,,,,,,,,,,,,,,54504,47479,61529,,,,63500,0,129273,,,,41635,13446,69824,58214,49629,66799,50,,,550,74,67,82,47,7,0,15,1876,25.4,20.5,17,0.9,24,1.3,17,0.9,1,0.1,219,11.7,1584,84.4,30,2,0,5,49.1,1836,100.0,0.00,27,-0.09,31,0.02,32,0.14,51,-0.11,24,-0.06,11
08019,Colorado,Clear Creek,101.0,5065.2,3369.9,6760.6,-0.8,,,,,,,,,,,,,,,,10.5,10.0,11.0,-1.1,2.9,2.8,3.1,-1.2,3.3,3.1,3.5,-1.4,12.5,11.9,13.1,-1.1,22.2,16.5,28.6,-0.5,8.7,-0.8,16.7,11.2,23.3,-0.5,81.8,-0.3,20.3,19.5,21.2,0.8,5.0,11.0,45.5,29.6,59.3,0.9,8.0,83.6,-1.4,11.7,6.7,19.0,-1.1,,,,,,,,,,,,,,,,422.0,5.5,4.6,6.5,-1.8,1.0,10.4,9574:1,1.8,4.0,41.6,2401:1,0.9,942.0,-1.4,,,,,,47.0,-0.6,,,,36.0,46.0,58.0,86.2,-0.2,1579.0,2166.0,72.9,60.5,85.3,-0.7,184.0,6075.0,3.0,-0.3,10.2,6.6,13.8,-0.9,,,,15.8,1.7,120088.0,33260.0,3.6,-1.1,335.0,1468.0,22.8,12.7,32.9,-0.5,4.0,4.2,1.0,51.0,562.5,2.7,30.0,63.7,43.0,90.9,-1.1,,,,,,,,,,,,,,,,4.6,-0.7,Yes,0.9,10.3,7.0,13.7,7.9,5.1,10.7,1.7,0.2,3.2,1.1,0.0,2.3,-1.4,68.8,62.4,75.3,-0.6,,,,,,,,,,,,,,,,74019,64762,83276,,,,,,,26118,17564,34672,68636,10130,127142,71538,64132,78944,27,,23,3548,76,73,80,469,10,7,14,9605,15.1,20.3,96,1.0,114,1.2,97,1.0,6,0.1,708,7.4,8475,88.2,87,1,0,2,47.2,9088,100.0,-0.40,8,-0.32,9,-0.18,11,-0.11,11,-0.11,23,-0.01,22
08021,Colorado,Conejos,123.0,11527.3,8534.2,14520.4,1.9,,,,,,,,,,,,,,,,22.7,22.0,23.4,2.1,4.3,4.2,4.5,1.9,4.1,4.0,4.3,1.3,15.6,15.1,16.1,0.8,26.1,19.8,33.7,0.2,9.0,-1.1,25.5,19.1,32.3,1.2,22.1,2.7,14.6,14.0,15.2,-1.4,1.0,5.0,20.0,1.6,47.8,-0.7,20.0,244.4,-0.5,26.9,20.5,34.7,0.4,,,,,,,,,,,,,,,,694.0,10.7,9.2,12.3,0.0,5.0,61.1,1637:1,0.3,2.0,24.4,4100:1,0.9,2416.0,-0.3,,,,1736.0,2782.0,32.0,0.9,,,,28.0,36.0,141.0,87.9,-0.4,1027.0,1722.0,59.6,51.1,68.2,0.3,179.0,4080.0,4.4,1.1,27.5,18.4,36.6,1.2,21.7,,67.6,30.5,24.9,74261.0,14953.0,5.0,1.2,594.0,2210.0,26.9,20.2,33.6,0.0,4.0,4.9,0.9,3.5,45.0,-1.1,50.0,122.2,90.7,161.1,0.9,,,,,,,,,,157.0,108.7,219.4,86.8,49.6,141.0,4.4,-0.8,Yes,0.9,15.2,11.9,18.5,10.7,7.3,14.1,3.9,2.3,5.5,0.5,0.0,1.3,-0.2,74.7,70.7,78.6,0.2,,,,,,,,,,76.5,67.6,85.5,69.1,60.0,78.2,38777,33951,43603,,,,,,,,,,28146,25769,30523,50093,34157,66029,65,,0,2445,80,78,81,381,13,9,17,8200,25.9,19.3,34,0.4,325,4.0,82,1.0,15,0.2,4242,51.7,3718,45.3,203,3,1,4,49.8,8256,100.0,0.96,58,0.63,56,0.06,39,0.09,46,0.24,49,0.00,29
08023,Colorado,Costilla,,,,,0.0,,,,,,,,,,,,,,,,28.0,27.0,28.9,3.0,4.8,4.6,5.0,2.9,4.5,4.3,4.7,2.4,17.1,16.5,17.6,1.7,27.9,19.6,36.5,0.5,4.7,3.0,25.1,16.7,35.5,1.1,41.5,1.8,12.3,11.8,12.8,-2.3,3.0,12.0,25.0,10.0,41.8,-0.4,15.0,397.2,0.4,27.8,16.5,43.9,0.5,,,,,,,,,,,,,,,,398.0,14.9,12.7,17.0,1.5,,,,0.0,1.0,26.1,3828:1,0.9,3019.0,0.1,,,,3923.0,741.0,34.0,0.7,,,,37.0,30.0,29.0,86.2,-0.2,326.0,592.0,55.1,41.9,68.2,0.6,82.0,1910.0,4.3,1.0,36.9,23.8,50.0,2.3,,,,43.1,39.9,57387.0,11846.0,4.8,1.0,286.0,671.0,42.6,25.9,59.3,2.0,0.0,0.0,1.7,8.0,226.2,0.2,22.0,119.1,74.6,180.3,0.8,,,,,,,,,,95.4,47.6,170.7,174.9,87.3,312.9,4.2,-1.0,No,-1.1,19.9,14.3,25.6,14.6,9.1,20.0,1.3,0.0,3.2,4.7,2.2,7.1,0.9,68.9,60.6,77.2,-0.6,,,,,,,,,,72.9,62.0,83.7,67.2,46.8,87.6,31557,27502,35612,,,,28750,4675,52825,,,,30303,23738,36868,34545,23416,45674,88,,4,1189,70,67,74,262,17,11,23,3828,18.9,27.3,31,0.8,204,5.3,58,1.5,10,0.3,2307,60.3,1335,34.9,304,9,5,12,48.2,3524,100.0,0.00,27,1.43,60,0.25,58,0.17,54,0.44,58,-0.04,14
08025,Colorado,Crowley,,,,,0.0,,,,,,,,,,,,,,,,18.8,18.2,19.4,1.1,3.9,3.8,4.1,1.0,3.8,3.6,3.9,0.1,18.6,18.0,19.3,2.6,30.9,20.6,43.1,1.1,8.0,0.0,20.5,12.3,30.7,0.2,33.1,2.2,19.6,18.8,20.4,0.5,2.0,4.0,50.0,22.2,70.5,1.2,13.0,223.8,-0.6,39.8,25.5,59.2,1.6,,,,,,,,,,,,,,,,245.0,11.1,9.4,12.7,0.2,1.0,17.2,5810:1,1.6,,,,0.0,3988.0,0.9,,,,3213.0,4311.0,39.0,0.2,,,,37.0,38.0,34.0,91.2,-0.8,577.0,1678.0,34.4,25.7,43.1,2.2,67.0,1533.0,4.4,1.1,29.7,19.1,40.3,1.4,,,,29.9,32.6,76487.0,16965.0,4.5,0.4,249.0,716.0,34.8,20.4,49.1,1.0,4.0,6.9,0.6,3.5,65.2,-1.0,28.0,99.0,65.8,143.1,0.1,,,,,,,,,,,,,,,,5.4,-0.1,No,-1.1,18.3,12.4,24.2,15.1,8.5,21.6,3.7,0.2,7.1,2.0,0.0,4.6,0.5,82.8,75.1,90.6,1.4,,,,,,,,,,,,,,,,35880,31153,40607,14038,4344,23732,53594,52190,54998,,,,34435,20633,48237,38269,31806,44732,53,,,865,72,57,87,137,12,6,19,5858,11.7,13.7,613,10.5,203,3.5,72,1.2,1,0.0,1828,31.2,3162,54.0,141,3,1,4,26.8,5823,100.0,0.00,27,0.27,50,0.41,60,0.11,47,0.31,52,0.02,37
08027,Colorado,Custer,,,,,0.0,,,,,,,,,,,,,,,,13.4,12.9,14.0,-0.3,3.5,3.3,3.7,0.1,3.8,3.6,4.0,0.2,13.7,13.0,14.3,-0.4,27.9,20.7,36.5,0.5,7.7,0.3,21.2,14.3,28.7,0.4,95.0,-1.0,15.2,14.5,16.0,-1.2,3.0,8.0,37.5,17.9,55.6,0.4,9.0,184.7,-0.8,19.4,10.8,31.9,-0.4,,,,,,,,,,,,,,,,401.0,12.6,10.7,14.5,0.7,3.0,61.6,1625:1,0.3,3.0,60.6,1651:1,0.8,886.0,-1.5,,,,,,43.0,-0.2,,,,,,30.0,93.3,-1.1,302.0,551.0,54.8,39.1,70.5,0.7,77.0,2106.0,3.7,0.3,24.9,16.1,33.7,0.9,,,10.6,,31.7,83014.0,21191.0,3.9,-0.6,142.0,764.0,18.6,7.1,30.0,-1.1,16.0,32.8,-3.0,5.5,125.2,-0.5,33.0,142.0,97.8,199.5,1.6,,,,,,,,,,,,,,,,4.2,-1.0,No,-1.1,24.6,16.4,32.9,21.3,13.2,29.5,3.5,0.0,7.2,1.0,0.0,2.5,2.1,65.5,56.1,74.8,-1.1,,,,,,,,,,,,,,,,55242,48398,62086,,,,,,,,,,195024,17220,372828,44111,34757,53465,49,,,1777,85,82,89,324,16,9,22,4954,13.8,32.2,66,1.3,59,1.2,26,0.5,1,0.0,273,5.5,4454,89.9,51,1,0,3,48.4,4255,100.0,0.00,27,0.20,47,-0.06,23,-0.01,29,-0.01,34,-0.03,18
08029,Colorado,Delta,481.0,7444.8,6259.2,8630.4,0.2,,,,,,,,,,,,,,,,15.7,15.1,16.3,0.3,3.8,3.6,3.9,0.6,4.0,3.8,4.2,0.8,14.6,14.0,15.2,0.2,26.7,21.7,31.8,0.3,8.0,0.0,20.4,16.3,24.9,0.2,73.3,0.1,15.4,14.8,16.0,-1.1,11.0,17.0,64.7,55.4,72.3,2.2,84.0,274.8,-0.3,30.4,25.9,34.8,0.7,,,,,,,,,,37.6,28.1,49.3,27.9,23.0,32.9,2364.0,10.7,9.2,12.3,0.0,24.0,78.5,1274:1,-0.2,49.0,158.3,632:1,0.3,2375.0,-0.4,,,,,,40.0,0.1,,,,43.0,40.0,359.0,84.1,0.1,2628.0,6160.0,42.7,36.6,48.8,1.6,585.0,14851.0,3.9,0.6,23.1,16.1,30.1,0.7,29.7,,,31.9,25.0,87015.0,18989.0,4.6,0.5,1479.0,6151.0,24.0,18.2,29.9,-0.4,41.0,13.4,-0.5,23.0,84.3,-0.8,161.0,106.1,89.7,122.4,0.4,,,,,,,,,,,,,,,,5.3,-0.1,Yes,0.9,19.2,16.9,21.6,15.8,13.1,18.5,3.4,1.9,4.9,0.7,0.3,1.2,0.8,74.2,70.9,77.4,0.2,,,,,,,,,,63.4,51.0,75.8,74.6,69.5,79.6,46786,41727,51845,,,,38149,16640,59658,,,,37687,33410,41964,46099,42130,50068,55,88,30,8441,71,68,74,2002,18,14,21,30953,20.0,25.9,190,0.6,414,1.3,261,0.8,29,0.1,4769,15.4,25114,81.1,477,2,1,2,49.9,19553,63.2,0.10,43,0.08,44,0.08,40,-0.01,31,0.17,46,0.04,48
08031,Colorado,Denver,6723.0,6376.3,6172.1,6580.5,-0.2,12070.1,9092.8,15710.9,3210.5,2479.0,3942.1,10205.5,9353.3,11057.7,7080.4,6696.9,7463.9,5474.9,5207.5,5742.2,15.1,14.8,15.4,0.1,3.4,3.3,3.5,-0.2,3.6,3.5,3.7,-0.5,14.7,14.3,15.0,0.2,16.6,15.3,18.0,-1.4,8.1,-0.1,12.8,11.8,13.9,-1.2,99.5,-1.2,26.6,26.0,27.2,3.2,90.0,257.0,35.0,31.9,38.1,0.3,6928.0,983.2,3.8,30.5,29.5,31.5,0.7,35.7,25.0,49.4,8.5,6.3,11.2,30.8,28.0,33.7,44.2,42.5,45.9,12.3,11.1,13.4,65375.0,10.7,9.9,11.6,0.0,933.0,132.4,755:1,-1.9,4094.0,571.4,175:1,-1.6,2728.0,-0.1,3271.0,1192.0,4204.0,3035.0,2413.0,48.0,-0.7,33.0,49.0,35.0,36.0,52.0,5796.0,70.2,1.8,199638.0,266837.0,74.8,73.5,76.1,-0.8,13146.0,412817.0,3.2,-0.2,16.7,13.4,20.0,-0.1,24.6,15.0,35.6,26.8,6.8,133918.0,26393.0,5.1,1.4,47636.0,138657.0,34.4,32.6,36.1,1.0,757.0,10.7,-0.1,4308.5,631.5,3.2,2620.0,75.7,72.8,78.6,-0.7,141.3,97.9,197.5,42.4,32.4,54.4,87.2,77.3,97.2,64.3,59.4,69.2,81.3,77.3,85.4,8.2,2.0,No,-1.1,19.0,18.3,19.7,16.1,15.5,16.8,3.3,3.0,3.6,0.9,0.8,1.1,0.7,69.6,68.8,70.4,-0.5,65.2,62.6,67.9,66.1,63.2,68.9,67.3,65.7,68.9,71.1,69.4,72.8,72.1,71.6,72.7,68069,64979,71159,35841,19240,52442,60634,55337,65931,39994,37388,42600,47268,45304,49232,77144,75699,78589,67,54,33,146083,50,49,50,46044,16,15,17,716492,19.5,11.8,64126,8.9,12900,1.8,29369,4.1,1410,0.2,212562,29.7,390336,54.5,38939,6,6,6,49.8,0,0.0,-0.12,23,-0.09,33,0.11,44,-0.11,10,0.15,43,0.03,47
08033,Colorado,Dolores,,,,,0.0,,,,,,,,,,,,,,,,14.5,14.0,15.1,0.0,3.7,3.5,3.8,0.4,4.0,3.8,4.2,0.9,15.3,14.7,15.9,0.6,20.7,14.4,29.4,-0.7,4.1,3.0,17.3,11.0,25.8,-0.4,27.8,2.5,15.9,15.2,16.7,-0.9,2.0,4.0,50.0,22.2,70.5,1.2,8.0,387.0,0.4,,,,0.0,,,,,,,,,,,,,,,,180.0,11.7,9.9,13.5,0.4,,,,0.0,1.0,48.2,2074:1,0.8,1980.0,-0.6,,,,,,32.0,0.9,,,,,,12.0,91.7,-0.9,233.0,368.0,63.3,46.7,79.9,0.0,34.0,1197.0,2.8,-0.5,16.5,10.7,22.3,-0.1,,,,,,96250.0,23800.0,4.0,-0.4,159.0,356.0,44.7,17.0,72.4,2.3,0.0,0.0,1.7,3.5,175.4,-0.1,13.0,128.0,68.2,219.0,1.1,,,,,,,,,,,,,,,,4.4,-0.8,No,-1.1,13.9,8.1,19.7,6.8,0.2,13.5,3.2,0.0,7.2,1.9,0.0,4.6,-0.6,56.2,52.4,60.0,-2.4,,,,,,,,,,,,,,,,47482,41388,53576,,,,,,,,,,,,,,,,57,,,600,81,74,89,33,5,0,12,2074,20.0,25.1,7,0.3,67,3.2,5,0.2,2,0.1,129,6.2,1823,87.9,0,0,0,3,47.4,2064,100.0,0.00,27,0.73,58,0.12,46,0.01,36,0.01,36,-0.10,2
08035,Colorado,Douglas,1763.0,3549.4,3304.0,3794.8,-1.4,,,,,,,,,,3471.1,2700.7,4392.9,3677.2,3400.3,3954.0,8.1,7.8,8.4,-1.7,2.5,2.4,2.6,-2.2,2.9,2.8,3.1,-2.6,10.7,10.3,11.2,-2.2,19.6,17.6,21.7,-0.9,9.2,-1.3,10.6,9.2,12.1,-1.6,93.4,-0.9,21.0,20.3,21.6,1.0,32.0,89.0,36.0,30.6,41.2,0.3,568.0,169.4,-0.9,4.1,3.7,4.6,-1.8,,,,2.9,1.4,5.2,8.8,4.7,15.0,8.1,6.3,10.2,3.4,2.9,3.8,11379.0,3.8,3.3,4.3,-2.4,235.0,70.1,1427:1,0.0,400.0,116.7,857:1,0.5,3171.0,0.2,,4531.0,1764.0,1346.0,3110.0,54.0,-1.3,,47.0,41.0,50.0,54.0,4808.0,90.8,-0.7,75722.0,85839.0,88.2,86.0,90.5,-1.9,5472.0,191240.0,2.9,-0.5,2.5,1.7,3.3,-1.8,7.8,3.7,11.0,6.0,3.3,194601.0,58227.0,3.3,-1.6,13279.0,89066.0,14.9,13.5,16.4,-1.5,205.0,6.1,0.7,365.0,113.6,-0.6,837.0,50.9,47.5,54.4,-1.5,,,,22.1,13.3,34.6,,,,36.8,27.5,48.3,54.8,50.9,58.7,7.0,1.1,Yes,0.9,10.6,9.9,11.3,9.6,8.8,10.3,1.0,0.7,1.2,0.3,0.2,0.4,-1.4,77.2,76.5,77.9,0.6,,,,73.0,65.9,80.2,83.0,73.1,93.0,74.4,72.3,76.5,74.3,73.1,75.6,120670,115962,125378,97031,44638,149424,112526,100695,124357,106375,80547,132203,104059,93744,114374,117113,114661,119565,12,46,28,92775,79,78,80,10897,9,9,10,342776,26.0,11.9,4660,1.4,1763,0.5,17786,5.2,326,0.1,30763,9.0,280777,81.9,2110,1,1,1,50.1,29367,10.3,-0.72,4,-0.74,1,-0.37,1,-0.18,4,-0.42,1,0.04,49
08037,Colorado,Eagle,246.0,3056.9,2514.4,3599.5,-1.6,,,,,,,,,,3020.3,2194.5,4054.6,3159.1,2431.0,3887.2,12.3,11.9,12.7,-0.6,3.0,2.9,3.1,-1.1,3.4,3.3,3.5,-1.1,12.5,12.1,13.0,-1.1,12.9,9.6,16.4,-2.1,9.1,-1.2,12.0,9.1,15.5,-1.3,97.8,-1.1,22.1,21.2,22.8,1.4,10.0,31.0,32.3,22.8,41.8,0.1,172.0,314.0,-0.1,18.1,15.5,20.7,-0.5,,,,,,,,,,35.5,30.0,40.9,3.6,2.1,5.6,5958.0,12.2,10.6,13.9,0.6,42.0,76.7,1304:1,-0.2,95.0,172.7,579:1,0.3,1140.0,-1.3,,,,987.0,1081.0,52.0,-1.1,,57.0,,31.0,54.0,550.0,74.9,1.3,12620.0,17666.0,71.4,65.5,77.4,-0.6,989.0,36207.0,2.7,-0.6,8.1,5.4,10.8,-1.1,,7.3,,17.8,0.2,149791.0,42610.0,3.5,-1.3,2600.0,11997.0,21.7,14.9,28.4,-0.7,43.0,7.9,0.4,77.0,144.3,-0.4,133.0,49.2,40.8,57.6,-1.6,,,,,,,,,,33.5,22.0,48.7,56.4,45.5,67.3,4.2,-1.0,Yes,0.9,18.2,15.2,21.2,14.0,11.2,16.9,3.6,2.2,5.0,1.6,0.4,2.7,0.5,73.5,70.7,76.3,0.1,,,,,,,,,,79.1,73.6,84.7,73.1,69.5,76.7,86896,78796,94996,,,,54535,46790,62280,57782,11195,104369,61194,54771,67617,95726,87511,103941,37,77,24,12531,71,68,73,2653,15,12,18,54993,21.8,11.6,546,1.0,750,1.4,722,1.3,54,0.1,16401,29.8,36749,66.8,3473,7,6,8,47.0,10431,20.0,-0.82,1,-0.34,7,-0.25,4,-0.10,12,-0.20,14,0.01,35
08039,Colorado,Elbert,221.0,5547.1,4313.9,6780.4,-0.6,,,,,,,,,,,,,,,,10.8,10.4,11.2,-1.0,3.0,2.8,3.1,-1.1,3.4,3.2,3.6,-1.2,12.7,12.2,13.3,-1.0,28.0,23.4,32.9,0.6,8.7,-0.8,18.7,14.9,22.8,-0.1,56.3,1.0,19.4,18.6,20.3,0.4,6.0,15.0,40.0,26.2,52.8,0.6,39.0,152.1,-1.0,7.2,5.2,9.8,-1.5,,,,,,,,,,,,,,,,1687.0,7.8,6.7,8.9,-1.0,4.0,15.6,6411:1,1.6,31.0,118.0,848:1,0.5,2563.0,-0.2,,,,,,41.0,0.0,,,40.0,43.0,41.0,215.0,87.0,-0.3,3573.0,4825.0,74.1,66.5,81.6,-0.8,425.0,14963.0,2.8,-0.5,7.2,4.7,9.7,-1.2,,,,8.1,4.9,174774.0,44263.0,3.9,-0.6,804.0,5472.0,14.7,10.1,19.3,-1.6,12.0,4.7,1.0,1.0,4.3,-1.4,76.0,60.3,47.5,75.4,-1.2,,,,,,,,,,,,,,,,6.2,0.5,Yes,0.9,13.5,10.9,16.2,11.1,8.5,13.8,2.0,0.9,3.0,0.8,0.1,1.4,-0.6,80.2,77.2,83.2,1.0,,,,,,,,,,,,,,,,98247,90669,105825,43634,0,88231,175521,60293,290749,190952,32113,349791,49612,0,100881,96761,90935,102587,21,,17,8116,90,88,91,929,10,8,13,26282,21.8,16.4,331,1.3,222,0.8,296,1.1,52,0.2,1892,7.2,23187,88.2,32,0,0,1,49.5,23086,100.0,-0.30,13,-0.43,4,-0.11,17,-0.01,32,-0.29,7,0.07,57
08041,Colorado,El Paso,7379.0,7452.8,7224.4,7681.2,0.2,11509.4,8542.5,15173.6,4342.4,3424.1,5260.7,9446.2,8515.1,10377.4,7368.2,6826.6,7909.7,7344.7,7070.7,7618.7,12.6,12.3,12.9,-0.5,3.1,3.0,3.2,-0.8,3.8,3.7,3.9,0.2,14.3,13.9,14.6,0.0,22.3,20.8,23.8,-0.4,7.7,0.3,16.4,15.2,17.6,-0.5,88.4,-0.6,16.6,16.1,17.1,-0.7,124.0,307.0,40.4,37.7,43.1,0.6,3748.0,536.0,1.2,21.7,21.0,22.4,-0.1,19.7,12.8,28.8,12.5,9.8,15.8,28.3,25.5,31.1,39.3,37.2,41.4,15.5,14.7,16.2,45223.0,7.6,6.9,8.3,-1.1,419.0,59.9,1669:1,0.3,2284.0,320.0,313:1,-0.4,2906.0,0.0,1009.0,1844.0,4271.0,2634.0,2854.0,46.0,-0.5,41.0,43.0,32.0,41.0,47.0,9703.0,76.6,1.0,145204.0,193749.0,74.9,73.4,76.5,-0.9,13268.0,337084.0,3.9,0.6,13.2,10.7,15.7,-0.5,19.3,8.8,17.8,24.3,10.2,123474.0,29585.0,4.2,-0.2,45727.0,167640.0,27.3,25.8,28.8,0.1,602.0,8.6,0.3,2696.5,399.6,1.5,3094.0,90.0,86.8,93.1,-0.2,133.1,93.2,184.3,44.3,33.4,57.5,74.2,63.6,84.8,70.0,63.2,76.9,97.4,93.5,101.3,6.1,0.5,Yes,0.9,16.0,15.3,16.7,13.7,13.0,14.3,2.5,2.2,2.8,0.8,0.6,1.0,0.0,77.4,76.6,78.2,0.6,69.1,62.8,75.4,73.9,70.4,77.3,78.4,76.0,80.7,74.0,71.7,76.2,78.6,77.9,79.3,67923,65322,70524,53676,42424,64928,65215,54436,75994,52406,49403,55409,52116,48942,55290,69640,68460,70820,38,39,30,161564,64,63,64,34598,14,13,15,713856,24.1,12.8,43321,6.1,9748,1.4,22363,3.1,2809,0.4,124622,17.5,491494,68.9,9985,2,,,49.5,55595,8.9,0.10,44,-0.12,28,-0.01,29,-0.07,16,0.07,39,0.04,51
08043,Colorado,Fremont,758.0,7921.1,6913.9,8928.3,0.4,,,,,,,,,,,,,,,,16.1,15.5,16.7,0.4,3.7,3.6,3.9,0.5,3.8,3.7,4.0,0.3,15.6,15.0,16.2,0.8,27.3,23.4,31.2,0.4,7.2,0.8,20.8,17.5,24.8,0.3,64.9,0.6,18.3,17.6,19.1,0.0,13.0,44.0,29.5,21.7,37.6,-0.1,94.0,197.6,-0.7,30.7,26.7,34.7,0.7,,,,,,,,,,35.9,25.3,49.5,30.4,26.0,34.8,2653.0,9.1,7.8,10.4,-0.6,22.0,46.3,2162:1,0.7,153.0,318.6,314:1,-0.4,2658.0,-0.1,,,,1958.0,2626.0,44.0,-0.3,42.0,,27.0,37.0,44.0,354.0,86.4,-0.2,5215.0,12944.0,40.3,36.0,44.6,1.7,798.0,15342.0,5.2,1.9,22.1,15.7,28.5,0.5,61.7,,,37.4,18.1,90385.0,20169.0,4.5,0.3,2389.0,7607.0,31.4,25.2,37.6,0.6,45.0,9.5,0.1,105.0,225.3,0.2,255.0,108.0,94.7,121.2,0.4,,,,,,,,,,63.9,39.1,98.8,121.6,105.9,137.3,5.0,-0.4,Yes,0.9,14.7,12.5,16.8,13.1,10.9,15.3,1.6,0.7,2.5,0.9,0.3,1.5,-0.4,80.7,76.7,84.7,1.1,,,,,,,,,,75.2,55.2,95.3,80.6,77.5,83.7,47885,43063,52707,26875,5121,48629,,,,,,,37886,32322,43450,47124,44604,49644,57,,18,12876,75,73,77,2097,13,11,15,48021,16.3,21.7,1824,3.8,872,1.8,467,1.0,34,0.1,6501,13.5,37854,78.8,722,2,1,2,42.3,12371,26.4,0.20,47,0.06,43,0.12,47,-0.01,28,0.35,55,0.02,42
08045,Colorado,Garfield,520.0,5862.2,5142.8,6581.5,-0.5,,,,,,,,,,4026.6,3007.2,5280.3,6586.3,5599.2,7573.4,13.2,12.7,13.6,-0.4,3.2,3.1,3.4,-0.6,3.4,3.3,3.6,-1.1,13.8,13.3,14.3,-0.3,23.4,19.1,27.7,-0.2,8.7,-0.8,14.1,11.3,17.4,-1.0,93.9,-0.9,20.8,20.0,21.5,0.9,19.0,53.0,35.8,28.8,42.8,0.3,191.0,323.1,0.0,30.8,27.8,33.9,0.8,,,,,,,,,,48.6,42.5,54.7,18.8,15.7,22.0,7048.0,13.8,12.2,15.5,1.1,52.0,88.0,1137:1,-0.5,137.0,229.2,436:1,0.0,2290.0,-0.4,,,,,,44.0,-0.3,,47.0,,27.0,45.0,840.0,83.7,0.1,8983.0,16351.0,54.9,50.5,59.4,0.6,1043.0,32479.0,3.2,-0.1,11.4,7.6,15.2,-0.7,45.4,,76.8,10.0,7.8,122304.0,33831.0,3.6,-1.1,2879.0,14935.0,19.3,14.7,23.8,-1.0,57.0,9.6,0.1,110.0,189.0,0.0,215.0,73.3,63.5,83.1,-0.8,,,,,,,,,,42.1,29.3,58.6,88.1,75.2,100.9,5.1,-0.3,Yes,0.9,21.5,18.4,24.5,16.7,14.0,19.5,5.7,4.1,7.3,0.9,0.3,1.5,1.3,72.4,69.9,75.0,-0.1,,,,,,,,,,69.1,61.5,76.6,74.9,72.3,77.5,74421,68423,80419,60887,30947,90827,108125,45031,171219,46042,2716,89368,58422,52082,64762,78660,74313,83007,47,74,33,14136,67,65,69,2640,13,11,15,59770,25.2,13.1,365,0.6,1013,1.7,557,0.9,109,0.2,17184,28.8,40595,67.9,2765,5,4,6,48.9,13592,24.1,-0.23,19,-0.28,11,-0.04,25,0.00,35,-0.10,26,0.05,53
08047,Colorado,Gilpin,,,,,0.0,,,,,,,,,,,,,,,,10.5,10.0,10.9,-1.1,2.9,2.8,3.1,-1.3,3.4,3.2,3.5,-1.3,12.7,12.2,13.3,-1.0,27.0,19.9,35.9,0.4,9.1,-1.2,19.3,12.7,27.3,0.0,81.7,-0.3,19.8,18.9,20.7,0.6,1.0,7.0,14.3,0.9,38.6,-1.1,,,0.0,,,,0.0,,,,,,,,,,,,,,,,219.0,4.3,3.5,5.2,-2.2,2.0,33.3,3007:1,1.1,4.0,65.3,1530:1,0.8,,0.0,,,,,,46.0,-0.5,,,,,,27.0,81.5,0.4,1235.0,1609.0,76.8,63.3,90.3,-1.0,95.0,3731.0,2.5,-0.8,10.1,6.5,13.7,-0.9,,,,32.4,5.4,144395.0,44336.0,3.3,-1.8,128.0,870.0,14.7,1.6,27.8,-1.6,3.0,5.0,0.9,15.5,286.2,0.7,16.0,53.8,30.7,87.4,-1.4,,,,,,,,,,,,,,,,4.6,-0.7,No,-1.1,23.5,14.8,32.2,17.1,9.6,24.5,1.4,0.0,3.4,5.4,0.0,10.7,1.8,73.5,67.5,79.5,0.1,,,,,,,,,,56.3,38.1,74.4,63.0,57.2,68.9,72949,63769,82129,,,,,,,,,,71806,23822,119790,75771,67087,84455,35,,,2147,81,77,85,414,16,8,23,6121,15.6,16.9,61,1.0,82,1.3,97,1.6,15,0.2,447,7.3,5346,87.3,13,0,0,2,47.5,5441,100.0,0.00,27,-0.06,36,-0.12,16,-0.05,20,-0.25,9,0.02,39
08049,Colorado,Grand,125.0,5326.0,3813.2,6838.8,-0.7,,,,,,,,,,,,,,,,11.8,11.4,12.4,-0.7,3.3,3.1,3.4,-0.5,3.6,3.4,3.8,-0.3,14.2,13.5,14.8,-0.1,18.3,13.5,24.2,-1.1,8.5,-0.6,14.2,9.8,19.4,-0.9,74.7,0.1,19.3,18.5,20.2,0.4,8.0,15.0,53.3,41.1,63.7,1.4,23.0,150.1,-1.0,15.3,10.8,21.0,-0.7,,,,,,,,,,,,,,,,1347.0,10.6,9.0,12.3,0.0,12.0,78.3,1277:1,-0.2,29.0,186.8,535:1,0.2,1627.0,-0.9,,,,9677.0,1527.0,46.0,-0.5,,,,24.0,46.0,131.0,84.7,0.0,2633.0,4109.0,64.1,54.2,74.0,0.0,266.0,9917.0,2.7,-0.7,11.7,7.6,15.8,-0.7,,,,43.4,9.9,109611.0,29990.0,3.7,-1.1,678.0,2636.0,25.7,12.8,38.7,-0.1,23.0,15.0,-0.8,10.5,80.8,-0.8,62.0,82.7,63.4,106.0,-0.4,,,,,,,,,,,,,,,,4.1,-1.0,No,-1.1,15.4,12.3,18.5,11.0,7.6,14.5,3.5,1.6,5.4,1.0,0.2,1.9,-0.2,66.5,60.5,72.4,-0.9,,,,,,,,,,,,,,,,69214,62929,75499,,,,33750,7975,59525,,,,53920,40090,67750,71431,66149,76713,29,27,20,4009,69,65,73,651,12,8,15,15525,16.8,17.6,136,0.9,142,0.9,134,0.9,28,0.2,1405,9.0,13525,87.1,168,1,0,2,46.4,12260,82.6,-0.34,10,-0.03,37,-0.09,18,-0.06,19,-0.20,13,-0.07,4
08051,Colorado,Gunnison,117.0,4523.0,3224.5,5821.5,-1.0,,,,,,,,,,,,,,,,13.1,12.6,13.7,-0.4,3.5,3.3,3.7,0.0,3.8,3.6,4.0,0.2,15.0,14.3,15.6,0.4,16.6,12.0,22.4,-1.4,8.0,0.0,14.5,10.0,19.4,-0.9,90.9,-0.8,21.6,20.5,22.8,1.3,4.0,21.0,19.0,8.4,31.9,-0.8,72.0,425.1,0.6,9.3,6.5,12.8,-1.3,,,,,,,,,,26.6,14.2,45.5,6.9,4.4,10.4,1446.0,10.5,8.7,12.3,-0.1,14.0,82.6,1210:1,-0.4,39.0,226.1,442:1,0.0,2620.0,-0.2,,,,,,44.0,-0.3,,,,32.0,45.0,149.0,96.0,-1.4,3632.0,4501.0,80.7,71.4,90.0,-1.3,285.0,11012.0,2.6,-0.8,10.4,6.8,14.0,-0.8,,,,25.0,1.0,107108.0,25106.0,4.3,0.0,865.0,2898.0,29.8,20.8,38.9,0.4,26.0,15.3,-0.9,28.5,179.1,-0.1,66.0,80.1,62.0,101.9,-0.5,,,,,,,,,,,,,,,,4.2,-1.0,Yes,0.9,20.5,16.2,24.7,15.3,11.2,19.4,3.5,1.6,5.4,3.2,1.3,5.0,1.1,58.0,51.7,64.4,-2.2,,,,,,,,,,,,,,,,61268,54796,67740,56481,23393,89569,,,,,,,43402,29540,57264,60041,51749,68333,24,,14,4058,61,58,64,1065,17,12,21,17246,17.0,13.0,111,0.6,445,2.6,139,0.8,4,0.0,1613,9.4,15026,87.1,71,0,0,1,46.1,8981,58.6,-0.51,6,0.01,40,-0.06,22,-0.04,23,-0.30,6,-0.03,17
08053,Colorado,Hinsdale,,,,,,,,,,,,,,,,,,,,,12.1,11.6,12.7,,3.3,3.1,3.5,,3.7,3.5,3.9,,12.9,12.4,13.5,,24.4,15.5,35.1,,8.2,,24.5,15.2,35.9,,41.6,,16.4,15.7,17.2,,1.0,1.0,100.0,,,,,,,,,,,,,,,,,,,,,,,,,,60.0,10.5,8.9,12.2,,0.0,0.0,794:0,,2.0,246.6,406:1,,,,,,,,,20.0,,,,,,,10.0,100.0,,97.0,133.0,72.9,47.6,98.2,,12.0,459.0,2.6,,17.0,10.9,23.1,,,,,,,106000.0,24400.0,4.3,,40.0,132.0,30.3,8.9,51.7,,0.0,0.0,,2.0,254.6,,,,,,,,,,,,,,,,,,,,,,3.8,,No,,18.8,11.5,26.0,14.5,3.4,25.6,3.0,0.0,9.0,1.0,0.0,5.2,,71.2,62.6,79.9,,,,,,,,,,,,,,,,,62149,54016,70282,,,,,,,,,,,,,,,,38,,,277,72,63,80,34,9,0,22,811,15.5,30.3,5,0.6,11,1.4,6,0.7,0,0.0,49,6.0,722,89.0,0,0,0,7,48.5,843,100.0,,NR,,NR,,NR,,NR,,NR,,NR
08055,Colorado,Huerfano,138.0,12091.6,8550.5,15632.7,2.2,,,,,,,,,,,,,,,,17.3,16.8,17.9,0.7,3.8,3.6,3.9,0.6,3.8,3.7,4.0,0.3,13.2,12.7,13.7,-0.7,26.6,20.0,33.6,0.3,7.6,0.4,21.4,15.3,28.1,0.4,75.4,0.0,13.8,13.3,14.4,-1.7,3.0,16.0,18.8,6.8,33.7,-0.8,34.0,510.4,1.1,30.0,20.4,42.6,0.7,,,,,,,,,,40.7,24.1,64.4,21.2,11.0,37.1,354.0,7.9,6.5,9.4,-1.0,7.0,105.1,952:1,-1.0,10.0,145.2,689:1,0.4,2630.0,-0.2,,,,2268.0,2590.0,27.0,1.4,,,,25.0,28.0,53.0,86.8,-0.2,704.0,1158.0,60.8,45.9,75.6,0.2,171.0,2619.0,6.5,3.0,37.4,25.2,49.6,2.3,,,,25.4,24.7,78564.0,16514.0,4.8,0.8,389.0,1041.0,37.4,21.6,53.2,1.4,6.0,9.0,0.2,25.0,409.1,1.6,58.0,174.8,132.7,226.0,2.7,,,,,,,,,,203.0,128.7,304.6,163.6,113.3,228.6,4.4,-0.8,Yes,0.9,16.3,11.5,21.0,14.0,9.1,18.8,1.7,0.1,3.3,0.8,0.0,1.8,0.0,69.6,60.8,78.4,-0.5,,,,,,,,,,,,,,,,38242,33227,43257,36028,24067,47989,,,,,,,29453,18284,40622,40463,34221,46705,71,,8,2352,72,67,77,326,11,6,15,6889,16.3,31.2,54,0.8,358,5.2,66,1.0,19,0.3,2339,34.0,4245,61.6,63,1,0,3,49.0,3768,56.1,1.08,59,0.17,45,-0.06,24,-0.04,24,0.64,60,-0.01,24
08057,Colorado,Jackson,,,,,,,,,,,,,,,,,,,,,14.0,13.4,14.6,,3.5,3.3,3.7,,3.8,3.6,4.0,,14.5,13.9,15.1,,28.0,19.1,38.7,,8.3,,23.2,15.2,32.6,,87.2,,17.3,16.5,18.0,,3.0,5.0,60.0,38.1,75.1,,,,,,,,,,,,,,,,,,,,,,,,146.0,13.6,11.5,15.8,,2.0,144.4,693:1,,6.0,428.9,233:1,,5245.0,,,,,,,40.0,,,,,,,10.0,100.0,,146.0,239.0,61.1,43.3,78.9,,27.0,1029.0,2.6,,20.0,13.0,27.0,,,,,38.3,32.9,89875.0,22283.0,4.0,,27.0,247.0,10.9,0.5,21.4,,0.0,0.0,,0.0,0.0,,,,,,,,,,,,,,,,,,,,,,3.4,,No,,10.6,4.7,16.4,11.4,3.2,19.6,0.0,0.0,4.3,0.0,0.0,3.0,,60.9,47.5,74.3,,,,,,,,,,,,,,,,,51457,44713,58201,,,,,,,,,,51250,29417,73083,48828,38478,59178,55,,,410,71,63,80,60,12,1,24,1399,17.1,22.2,1,0.1,37,2.6,10,0.7,0,0.0,176,12.6,1185,84.7,21,2,0,7,48.2,1394,100.0,,NR,,NR,,NR,,NR,,NR,,NR
08059,Colorado,Jefferson,5449.0,5396.6,5174.0,5619.2,-0.7,7527.2,4871.2,11111.7,2838.1,2036.6,3850.2,10352.9,8055.2,13102.3,5860.8,5309.9,6411.7,5314.1,5060.1,5568.2,9.3,9.1,9.6,-1.3,2.7,2.6,2.8,-1.7,3.4,3.3,3.6,-1.0,12.3,11.9,12.7,-1.2,20.6,19.1,22.1,-0.7,8.6,-0.7,13.9,12.8,15.2,-1.0,99.2,-1.2,22.1,21.6,22.7,1.5,85.0,224.0,37.9,34.7,41.2,0.4,1201.0,209.0,-0.7,11.6,11.0,12.3,-1.1,25.7,16.1,39.0,2.9,1.6,5.0,15.5,10.5,22.0,24.1,22.1,26.0,7.7,7.1,8.3,32317.0,6.8,6.2,7.3,-1.4,491.0,85.4,1170:1,-0.5,1786.0,307.8,325:1,-0.4,2427.0,-0.3,,580.0,2884.0,3007.0,2394.0,51.0,-1.0,32.0,51.0,36.0,43.0,52.0,6497.0,85.3,-0.1,121156.0,157065.0,77.1,75.5,78.7,-1.0,10118.0,334242.0,3.0,-0.3,8.0,5.9,10.1,-1.1,19.5,7.7,13.4,18.0,5.4,146294.0,36676.0,4.0,-0.5,28047.0,114633.0,24.5,23.0,25.9,-0.3,446.0,7.8,0.4,1433.5,253.6,0.4,2201.0,77.2,74.0,80.4,-0.6,68.0,35.1,118.8,21.7,13.2,33.5,60.8,39.0,90.5,56.4,49.3,63.4,83.7,79.9,87.4,8.4,2.2,Yes,0.9,14.0,13.5,14.6,12.6,12.0,13.1,1.3,1.1,1.5,0.9,0.7,1.0,-0.5,78.1,77.5,78.8,0.7,75.1,66.6,83.6,73.3,69.3,77.3,74.3,68.2,80.4,76.4,74.6,78.1,77.6,76.9,78.4,85550,82445,88655,64659,41489,87829,75392,68667,82117,49220,42994,55446,58316,54886,61746,83187,81934,84440,32,57,25,162035,70,70,71,29478,13,12,14,580233,19.7,16.5,6637,1.1,6944,1.2,17749,3.1,678,0.1,89889,15.5,452555,78.0,8090,1,1,2,50.1,36864,6.9,-0.33,12,-0.49,2,-0.20,8,-0.16,7,-0.18,16,0.09,58
08061,Colorado,Kiowa,,,,,0.0,,,,,,,,,,,,,,,,13.5,12.9,14.1,-0.3,3.6,3.4,3.7,0.2,3.9,3.8,4.1,0.6,14.4,13.8,15.1,0.1,30.1,20.8,41.5,0.9,4.7,3.0,30.9,21.5,41.7,2.2,58.5,0.9,16.6,15.8,17.4,-0.7,1.0,3.0,33.3,4.1,63.6,0.1,,,0.0,,,,0.0,,,,,,,,,,,,,,,,117.0,11.3,9.5,13.0,0.2,0.0,0.0,1376:0,2.1,,,,0.0,3055.0,0.2,,,,,,31.0,1.0,,,,,,11.0,100.0,-1.9,184.0,284.0,64.8,50.7,78.8,-0.1,17.0,963.0,1.8,-1.6,19.2,12.8,25.6,0.2,,,,,,79462.0,21969.0,3.6,-1.1,124.0,417.0,29.7,16.6,42.8,0.4,3.0,21.8,-1.9,,,0.0,,,,,0.0,,,,,,,,,,,,,,,,5.8,0.2,Yes,0.9,10.3,5.1,15.6,8.4,1.3,15.5,2.4,0.0,7.3,1.4,0.0,3.7,-1.4,80.7,73.6,87.8,1.1,,,,,,,,,,,,,,,,44704,39013,50395,,,,,,,,,,47500,34999,60001,39957,34973,44941,48,,,443,75,69,80,53,10,0,19,1383,22.3,23.4,6,0.4,12,0.9,3,0.2,5,0.4,123,8.9,1229,88.9,6,0,0,5,51.3,1398,100.0,0.00,27,0.19,46,0.15,48,0.18,56,-0.31,5,0.01,36
08063,Colorado,Kit Carson,83.0,6570.6,4602.0,9096.5,-0.2,,,,,,,,,,,,,,,,14.3,13.8,14.9,0.0,3.6,3.4,3.7,0.2,3.8,3.6,4.0,0.3,14.1,13.5,14.7,-0.1,31.1,24.5,37.6,1.1,8.4,-0.4,20.7,15.8,26.3,0.3,27.9,2.5,17.7,17.0,18.5,-0.2,1.0,16.0,6.3,0.3,21.4,-1.6,13.0,181.6,-0.8,31.5,23.3,41.6,0.8,,,,,,,,,,59.1,38.2,87.2,22.0,14.1,32.8,848.0,14.9,12.9,16.9,1.5,4.0,55.9,1790:1,0.4,6.0,83.8,1194:1,0.7,4352.0,1.1,,,,,,35.0,0.6,,,,25.0,36.0,92.0,89.1,-0.5,950.0,2021.0,47.0,39.0,55.0,1.2,91.0,4487.0,2.0,-1.3,20.1,13.4,26.8,0.3,,,,29.2,8.1,88574.0,25425.0,3.5,-1.4,592.0,1791.0,33.1,20.0,46.1,0.8,11.0,15.4,-0.9,15.5,206.3,0.1,39.0,101.7,72.3,139.0,0.2,,,,,,,,,,,,,,,,6.1,0.5,Yes,0.9,10.8,7.3,14.2,10.0,6.4,13.6,0.8,0.0,1.8,1.2,0.0,2.7,-1.3,72.5,67.1,77.9,-0.1,,,,,,,,,,62.8,45.0,80.6,76.1,69.4,82.8,48342,43648,53036,,,,,,,,,,44375,32826,55924,52972,48219,57725,61,,13,2049,69,65,72,276,10,6,14,7163,25.4,19.3,46,0.6,83,1.2,47,0.7,15,0.2,1360,19.0,5578,77.9,284,4,2,6,50.0,4027,48.7,-0.08,26,-0.09,34,0.02,33,0.21,58,-0.10,25,-0.01,25
08065,Colorado,Lake,67.0,6308.5,4394.1,8773.6,-0.3,,,,,,,,,,,,,,,,16.5,15.9,17.0,0.5,3.6,3.5,3.7,0.3,3.8,3.6,3.9,0.1,15.0,14.4,15.5,0.4,24.8,17.4,33.3,0.0,8.3,-0.3,18.1,12.1,25.5,-0.2,86.7,-0.6,20.0,19.2,20.8,0.7,0.0,4.0,0.0,0.0,36.0,-2.0,35.0,450.0,0.7,34.9,25.9,46.0,1.2,,,,,,,,,,,,,,,,770.0,11.7,9.8,13.7,0.4,6.0,77.1,1296:1,-0.2,4.0,51.1,1956:1,0.8,2308.0,-0.4,,,,1994.0,1913.0,46.0,-0.5,,,,52.0,44.0,56.0,55.4,3.0,1496.0,2439.0,61.3,47.8,74.8,0.2,129.0,4894.0,2.6,-0.7,18.5,12.3,24.7,0.1,,,,27.4,10.4,95248.0,19462.0,4.9,1.1,398.0,1228.0,32.4,15.6,49.2,0.7,5.0,6.4,0.7,15.0,201.5,0.1,27.0,70.9,46.7,103.2,-0.8,,,,,,,,,,,,,,,,3.9,-1.2,No,-1.1,13.0,8.1,17.8,9.7,4.8,14.5,3.7,0.5,6.9,0.0,0.0,0.9,-0.8,67.1,59.7,74.5,-0.8,,,,,,,,,,,,,,,,51802,44997,58607,,,,,,,,,,30227,8856,51598,57310,41520,73100,58,,1,2085,62,55,69,391,12,6,18,7824,20.0,14.3,57,0.7,210,2.7,53,0.7,4,0.1,2805,35.9,4726,60.4,300,4,1,7,46.2,2271,31.1,-0.14,22,0.25,49,0.04,36,0.00,33,0.14,42,-0.07,5
08067,Colorado,La Plata,492.0,5552.6,4801.0,6304.3,-0.6,13171.4,9066.6,18497.5,,,,,,,7824.4,5563.9,10696.3,4503.9,3748.1,5259.7,12.4,12.0,12.9,-0.5,3.3,3.2,3.5,-0.3,3.7,3.5,3.9,-0.2,14.8,14.3,15.3,0.3,18.4,15.2,21.9,-1.1,8.4,-0.4,13.6,10.9,16.7,-1.0,75.4,0.0,20.2,19.5,21.0,0.7,18.0,41.0,43.9,36.3,51.1,0.8,270.0,485.7,0.9,13.7,11.6,15.8,-0.9,24.5,16.9,34.4,,,,,,,27.6,20.7,36.1,8.0,6.2,10.1,5159.0,11.6,10.1,13.0,0.3,63.0,113.3,882:1,-1.3,217.0,385.4,259:1,-0.7,1736.0,-0.8,2156.0,,,1244.0,1744.0,47.0,-0.6,23.0,60.0,,45.0,47.0,439.0,80.2,0.6,11270.0,14900.0,75.6,70.0,81.2,-0.9,971.0,32091.0,3.0,-0.3,10.8,7.0,14.6,-0.8,15.2,,27.5,11.9,6.9,128378.0,31146.0,4.1,-0.3,2160.0,10507.0,20.6,17.2,23.9,-0.8,55.0,9.9,0.1,95.5,174.6,-0.1,221.0,80.0,69.5,90.6,-0.5,110.6,65.5,174.8,,,,,,,65.1,41.3,97.7,78.5,66.8,90.3,5.0,-0.4,Yes,0.9,14.7,12.4,16.9,12.5,10.4,14.5,1.9,1.2,2.6,0.8,0.3,1.2,-0.4,74.5,72.0,76.9,0.2,71.7,67.7,75.7,,,,,,,77.7,71.4,83.9,74.0,71.4,76.7,66219,59680,72758,47386,38763,56009,66250,39646,92854,,,,52083,39987,64179,67522,62721,72323,33,,38,15377,71,69,72,2491,12,10,14,56310,19.0,17.2,269,0.5,4219,7.5,428,0.8,46,0.1,7301,13.0,44128,78.4,275,1,0,1,49.5,30774,59.9,-0.30,14,-0.27,13,-0.02,27,-0.10,13,-0.15,22,0.01,34
08069,Colorado,Larimer,2883.0,5076.9,4803.1,5350.7,-0.8,,,,,,,,,,5758.4,4937.9,6578.8,5025.4,4724.0,5326.9,11.7,11.3,12.0,-0.7,3.4,3.2,3.5,-0.2,3.6,3.4,3.7,-0.5,12.7,12.2,13.1,-1.0,20.2,18.3,22.2,-0.8,8.1,-0.1,13.1,11.7,14.7,-1.1,92.8,-0.9,22.0,21.3,22.7,1.4,52.0,173.0,30.1,26.2,34.0,-0.1,1219.0,354.4,0.2,11.3,10.6,12.0,-1.1,,,,,,,9.1,5.1,15.1,30.3,27.3,33.4,8.0,7.3,8.7,21174.0,7.4,6.6,8.3,-1.1,303.0,88.1,1135:1,-0.5,1214.0,346.3,289:1,-0.5,2433.0,-0.3,,,2905.0,3223.0,2407.0,54.0,-1.3,28.0,52.0,43.0,45.0,54.0,3461.0,82.7,0.3,71052.0,89714.0,79.2,77.0,81.4,-1.2,5695.0,202449.0,2.8,-0.5,8.5,6.2,10.8,-1.1,16.9,12.4,15.6,16.4,7.6,127700.0,28730.0,4.4,0.3,16108.0,66881.0,24.1,22.0,26.2,-0.4,317.0,9.2,0.2,666.0,201.1,0.1,1203.0,71.1,67.1,75.1,-0.8,,,,22.8,10.9,41.9,,,,52.2,41.9,62.4,75.3,70.8,79.8,6.6,0.8,Yes,0.9,17.1,16.2,17.9,15.3,14.4,16.2,1.6,1.3,1.9,1.1,0.9,1.3,0.2,75.0,73.9,76.1,0.3,77.5,66.6,88.4,67.6,61.2,74.1,74.4,62.3,86.5,77.8,73.8,81.8,75.3,74.0,76.5,71306,68045,74567,47377,31529,63225,58853,45717,71989,50920,43807,58033,53109,47870,58348,70121,68305,71937,34,66,27,86247,65,64,66,20492,16,15,17,350518,19.6,15.7,3418,1.0,3605,1.0,8363,2.4,347,0.1,40855,11.7,289145,82.5,3769,1,1,1,50.1,34938,11.7,-0.40,9,-0.24,17,-0.17,12,-0.16,6,-0.19,15,0.05,54
08071,Colorado,Las Animas,284.0,14036.9,11421.5,16652.4,3.0,,,,,,,,,,17941.5,13836.0,22047.0,12466.0,8583.2,16348.9,19.7,19.2,20.4,1.4,3.9,3.8,4.1,1.0,3.9,3.8,4.1,0.5,15.0,14.6,15.5,0.4,28.9,23.0,35.8,0.7,7.6,0.4,30.1,24.1,36.3,2.0,80.4,-0.2,15.3,14.7,15.9,-1.2,12.0,21.0,57.1,47.7,65.3,1.7,54.0,379.3,0.3,33.8,27.5,41.2,1.0,,,,,,,,,,40.2,30.9,51.4,29.0,20.1,40.5,1220.0,12.2,10.4,14.0,0.6,10.0,70.2,1424:1,0.0,22.0,151.7,659:1,0.4,5223.0,1.8,,,,6344.0,4817.0,27.0,1.4,,,,26.0,28.0,174.0,82.8,0.3,1778.0,3182.0,55.9,48.2,63.6,0.6,311.0,6572.0,4.7,1.4,26.6,17.2,36.0,1.1,,,,26.3,16.6,77135.0,16548.0,4.7,0.7,744.0,2473.0,30.1,22.9,37.3,0.4,13.0,9.1,0.2,21.0,146.9,-0.3,114.0,160.7,131.2,190.2,2.3,,,,,,,,,,204.4,156.4,262.6,139.5,104.5,182.5,4.8,-0.5,Yes,0.9,15.8,13.2,18.4,14.1,11.4,16.8,1.0,0.0,1.9,1.7,0.6,2.8,-0.1,72.6,67.9,77.3,-0.1,,,,,,,,,,80.2,72.8,87.6,68.7,62.9,74.6,41485,37041,45929,19022,5752,32292,60859,43949,77769,,,,34884,27865,41903,49730,46925,52535,56,,11,4466,69,66,72,912,15,12,18,14503,18.8,24.3,251,1.7,533,3.7,175,1.2,19,0.1,5976,41.2,7762,53.5,224,2,1,3,47.8,6326,40.8,1.49,60,0.32,51,0.17,49,0.16,52,0.34,54,0.00,27
08073,Colorado,Lincoln,61.0,5562.7,3633.7,8150.6,-0.6,,,,,,,,,,,,,,,,13.8,13.3,14.4,-0.2,3.4,3.3,3.6,-0.1,3.7,3.5,3.9,-0.2,14.8,14.2,15.4,0.3,30.3,22.9,38.0,1.0,7.8,0.2,21.8,15.8,28.2,0.5,59.8,0.8,19.6,18.8,20.4,0.5,5.0,14.0,35.7,21.2,49.7,0.3,12.0,216.4,-0.6,19.6,11.8,30.6,-0.3,,,,,,,,,,,,,,,,345.0,9.5,8.0,11.1,-0.4,2.0,36.1,2773:1,1.0,12.0,213.9,468:1,0.1,3957.0,0.8,,,,,,42.0,-0.1,,,,,,36.0,80.6,0.5,469.0,1771.0,26.5,16.9,36.0,2.8,61.0,2494.0,2.4,-0.9,21.0,13.7,28.3,0.4,,,,49.0,7.1,93000.0,22637.0,4.1,-0.3,277.0,1108.0,25.0,13.2,36.8,-0.2,7.0,12.6,-0.4,5.5,99.8,-0.7,22.0,78.9,49.5,119.5,-0.6,,,,,,,,,,,,,,,,5.5,0.0,No,-1.1,12.7,8.2,17.1,11.3,2.3,20.4,0.5,0.0,3.1,2.3,0.9,3.6,-0.9,70.7,65.3,76.0,-0.3,,,,,,,,,,,,,,,,46690,41158,52222,56250,3356,109144,130956,42979,218933,,,,,,,49487,42182,56792,47,,6,1040,68,32,100,144,10,5,15,5610,20.2,17.6,296,5.3,84,1.5,55,1.0,5,0.1,793,14.1,4332,77.2,181,3,1,6,41.6,5467,100.0,-0.29,16,-0.17,22,0.09,42,0.07,45,0.05,38,-0.06,10
08075,Colorado,Logan,275.0,7642.8,6312.1,8973.5,0.3,,,,,,,,,,,,,,,,14.6,14.1,15.1,0.0,3.6,3.5,3.8,0.3,3.8,3.6,3.9,0.0,15.5,15.0,16.2,0.7,38.0,32.5,43.8,2.3,7.7,0.3,23.4,19.4,28.1,0.8,84.0,-0.4,19.0,18.2,19.7,0.3,11.0,33.0,33.3,24.2,42.5,0.1,55.0,251.2,-0.4,23.8,19.4,28.1,0.1,,,,,,,,,,36.1,25.1,50.2,22.3,17.7,27.7,1565.0,10.5,9.0,12.1,0.0,16.0,73.1,1369:1,-0.1,73.0,339.1,295:1,-0.5,3179.0,0.3,,,,5015.0,3064.0,43.0,-0.2,,,,31.0,44.0,190.0,86.8,-0.2,3193.0,5420.0,58.9,50.1,67.8,0.3,329.0,11287.0,2.9,-0.4,16.9,10.9,22.9,-0.1,,,,9.9,14.1,92364.0,20509.0,4.5,0.4,1201.0,4542.0,26.4,17.7,35.2,0.0,22.0,10.0,0.0,67.0,301.1,0.8,99.0,90.1,73.2,109.7,-0.2,,,,,,,,,,,,,,,,5.7,0.2,Yes,0.9,13.9,10.7,17.2,12.6,9.2,16.0,1.0,0.0,2.0,1.8,0.5,3.1,-0.5,76.7,73.1,80.4,0.5,,,,,,,,,,72.1,58.2,86.1,77.8,72.7,82.8,53168,46668,59668,24083,2975,45191,123375,0,249039,,,,46985,25860,68110,49943,45358,54528,46,43,31,5054,62,58,65,958,12,9,15,21528,18.6,17.8,752,3.5,370,1.7,213,1.0,25,0.1,3518,16.3,16607,77.1,629,3,2,5,44.1,6621,29.2,0.14,46,-0.09,32,0.21,53,-0.02,27,-0.02,33,0.02,38
08077,Colorado,Mesa,1952.0,7097.4,6615.7,7579.2,0.1,,,,,,,,,,5943.0,4835.9,7050.0,7301.7,6744.4,7859.0,14.1,13.6,14.6,-0.1,3.7,3.5,3.8,0.4,3.7,3.6,3.9,0.0,15.6,15.1,16.2,0.8,23.5,20.7,26.2,-0.2,7.4,0.6,15.6,13.5,17.7,-0.7,77.4,-0.1,19.7,19.0,20.5,0.6,31.0,86.0,36.0,30.6,41.4,0.3,627.0,413.5,0.5,28.0,26.2,29.8,0.5,,,,,,,15.2,7.3,27.9,43.1,38.1,48.0,24.9,23.0,26.9,11396.0,9.5,8.3,10.7,-0.4,168.0,110.8,902:1,-1.2,495.0,323.1,310:1,-0.4,3157.0,0.2,,3288.0,1427.0,4080.0,3081.0,48.0,-0.7,31.0,46.0,28.0,43.0,48.0,1786.0,77.6,0.9,23411.0,37164.0,63.0,59.4,66.6,0.0,3111.0,76060.0,4.1,0.8,19.7,15.1,24.3,0.3,94.3,27.1,55.5,39.4,15.6,100152.0,21784.0,4.6,0.5,10810.0,32692.0,33.1,29.0,37.1,0.8,136.0,9.0,0.2,515.5,347.9,1.1,774.0,103.0,95.7,110.2,0.3,,,,,,,,,,61.8,47.9,78.4,111.0,102.7,119.3,6.4,0.7,No,-1.1,16.9,15.3,18.5,15.0,13.5,16.5,2.0,1.4,2.7,1.1,0.8,1.4,0.2,78.4,76.5,80.2,0.8,,,,,,,,,,74.3,69.3,79.4,79.4,77.7,81.1,51132,47391,54873,19607,6538,32676,44052,30610,57494,88750,25565,151935,42145,34562,49728,54986,53126,56846,43,67,27,41030,67,66,69,8929,15,13,16,153207,21.6,19.1,1070,0.7,2349,1.5,1537,1.0,206,0.1,22657,14.8,124322,81.1,1485,1,1,1,50.6,18599,12.7,0.03,40,-0.09,30,0.11,45,-0.08,15,0.22,48,0.00,28
08079,Colorado,Mineral,,,,,,,,,,,,,,,,,,,,,11.9,11.4,12.5,,3.3,3.1,3.4,,3.6,3.4,3.8,,12.7,12.1,13.4,,21.1,14.0,31.1,,8.5,,17.6,10.1,27.0,,100.0,,16.3,15.5,17.1,,1.0,7.0,14.3,0.9,38.6,,,,,,,,,,,,,,,,,,,,,,,,53.0,9.9,8.4,11.5,,1.0,130.5,766:1,,0.0,0.0,776:0,,,,,,,,,47.0,,,,,,,,,,93.0,142.0,65.5,39.8,91.2,,13.0,507.0,2.6,,15.9,10.2,21.6,,,,,24.3,14.3,111111.0,37188.0,3.0,,29.0,78.0,37.2,13.1,61.3,,0.0,0.0,,1.0,137.2,,,,,,,,,,,,,,,,,,,,,,3.8,,No,,10.7,5.7,15.7,10.1,0.8,19.4,1.0,0.0,7.4,0.0,0.0,4.5,,49.0,43.4,54.6,,,,,,,,,,,,,,,,,60210,52369,68051,,,,,,,,,,48125,24442,71808,62404,57322,67486,48,,,333,89,82,96,32,9,0,23,776,14.8,31.2,2,0.3,9,1.2,4,0.5,0,0.0,50,6.4,700,90.2,2,0,0,7,50.4,712,100.0,,NR,,NR,,NR,,NR,,NR,,NR
08081,Colorado,Moffat,170.0,7545.2,5790.4,9299.9,0.2,,,,,,,,,,,,,,,,13.4,12.9,13.9,-0.3,3.4,3.3,3.6,-0.1,3.7,3.5,3.9,-0.2,14.6,14.0,15.2,0.2,26.3,20.7,32.5,0.3,8.0,0.0,21.6,17.1,26.8,0.4,76.1,0.0,18.5,17.7,19.2,0.1,4.0,14.0,28.6,14.2,43.6,-0.2,21.0,159.9,-1.0,35.7,28.9,43.5,1.2,,,,,,,,,,40.1,24.5,61.9,34.6,27.2,43.4,1096.0,9.9,8.5,11.4,-0.3,5.0,38.1,2626:1,1.0,23.0,174.4,573:1,0.3,3425.0,0.4,,,,,,44.0,-0.3,,,,35.0,44.0,145.0,77.9,0.9,1762.0,3463.0,50.9,42.2,59.5,0.9,277.0,7579.0,3.7,0.3,16.7,12.1,21.3,-0.1,,,63.9,18.5,11.7,107240.0,23861.0,4.5,0.4,1206.0,3381.0,35.7,26.5,44.9,1.1,9.0,6.9,0.6,20.5,159.1,-0.3,64.0,98.0,75.5,125.2,0.1,,,,,,,,,,,,,,,,4.3,-0.9,No,-1.1,14.7,10.8,18.6,12.5,8.7,16.3,1.9,0.6,3.2,0.8,0.0,1.6,-0.3,75.2,70.7,79.7,0.3,,,,,,,,,,,,,,,,59500,51910,67090,,,,,,,,,,44256,42434,46078,57792,49670,65914,40,,9,3544,68,64,72,648,13,9,17,13188,25.9,15.3,86,0.7,207,1.6,98,0.7,11,0.1,2064,15.7,10598,80.4,241,2,1,3,48.7,3774,27.4,0.12,45,-0.13,25,0.04,37,0.07,44,0.16,45,-0.05,13
08083,Colorado,Montezuma,360.0,9029.4,7571.6,10487.3,0.9,16819.4,12313.9,22434.8,,,,,,,,,,7802.0,6087.2,9516.7,15.4,14.9,15.9,0.2,3.9,3.8,4.1,0.9,4.3,4.1,4.5,1.7,15.9,15.4,16.4,1.0,27.7,22.7,32.9,0.5,7.6,0.4,21.6,17.2,26.3,0.4,79.6,-0.2,16.7,16.0,17.3,-0.6,7.0,17.0,41.2,28.4,53.0,0.7,133.0,508.8,1.1,37.2,32.0,42.5,1.4,62.8,47.9,80.8,,,,,,,34.3,23.3,48.6,29.2,23.6,35.8,2794.0,13.8,12.0,15.6,1.1,26.0,99.5,1005:1,-0.9,40.0,152.9,654:1,0.4,2207.0,-0.5,3545.0,,,,2209.0,39.0,0.2,50.0,,,40.0,39.0,261.0,74.7,1.3,3170.0,5380.0,58.9,52.0,65.8,0.3,632.0,13338.0,4.7,1.4,28.8,21.7,35.9,1.3,32.0,,,56.8,14.7,90214.0,20537.0,4.4,0.2,1864.0,5764.0,32.3,25.1,39.6,0.7,23.0,8.8,0.3,41.5,159.3,-0.3,167.0,127.3,108.0,146.6,1.1,223.5,157.4,308.0,,,,,,,85.3,46.6,143.1,119.5,97.6,141.3,5.1,-0.3,No,-1.1,15.7,13.1,18.3,12.6,10.2,15.1,2.8,1.6,4.0,1.2,0.3,2.2,-0.1,81.2,77.6,84.9,1.2,85.5,79.6,91.4,,,,,,,78.8,65.1,92.5,78.8,75.2,82.5,50180,44916,55444,29896,23849,35943,37656,9686,65626,,,,32355,13786,50924,52460,47521,57399,56,,46,7546,71,68,74,1268,12,10,15,26158,22.0,22.1,97,0.4,3677,14.1,171,0.7,29,0.1,3327,12.7,18840,72.0,141,1,0,1,50.7,17155,67.2,0.43,50,0.24,48,0.20,51,0.03,40,0.37,56,-0.02,19
08085,Colorado,Montrose,511.0,7173.6,6147.9,8199.3,0.1,,,,,,,,,,6122.0,4412.2,8275.2,7766.8,6473.7,9059.9,16.3,15.7,16.8,0.4,3.8,3.6,3.9,0.7,4.0,3.8,4.2,0.8,15.4,14.8,16.0,0.7,20.9,17.0,25.5,-0.7,7.6,0.4,17.6,13.9,21.6,-0.3,86.5,-0.5,15.0,14.4,15.5,-1.3,12.0,32.0,37.5,28.3,46.4,0.4,160.0,382.9,0.3,30.6,26.9,34.2,0.7,,,,,,,,,,43.1,35.3,50.8,24.8,20.7,28.8,3879.0,12.2,10.5,13.9,0.6,31.0,74.2,1348:1,-0.1,105.0,248.7,402:1,-0.1,2341.0,-0.4,,,,2297.0,2370.0,46.0,-0.5,,29.0,,40.0,46.0,500.0,79.0,0.7,4877.0,8694.0,56.1,50.3,61.9,0.6,805.0,21941.0,3.7,0.3,17.4,11.1,23.7,0.0,,51.9,30.8,27.3,22.7,91548.0,21410.0,4.3,0.0,2598.0,9035.0,28.8,21.4,36.1,0.2,39.0,9.3,0.2,52.5,134.4,-0.4,264.0,127.4,112.0,142.7,1.1,,,,,,,,,,63.6,41.9,92.5,147.8,128.9,166.6,5.0,-0.4,Yes,0.9,18.5,15.7,21.2,15.7,13.0,18.4,2.4,1.6,3.3,1.4,0.7,2.1,0.6,78.8,75.7,82.0,0.8,,,,,,,,,,82.8,76.5,89.1,80.9,77.7,84.0,52576,47401,57751,,,,65795,28332,103258,103750,10250,197250,46231,39200,53262,49490,45920,53060,50,,24,12111,71,69,73,2274,14,11,16,42214,21.6,23.3,190,0.5,776,1.8,365,0.9,83,0.2,8741,20.7,32037,75.9,1440,4,3,5,50.7,18570,45.0,0.04,42,0.04,42,0.04,35,-0.03,26,0.12,41,0.03,44
08087,Colorado,Morgan,348.0,8133.2,6934.1,9332.4,0.5,,,,,,,,,,5802.4,4320.3,7629.1,10045.6,8187.1,11904.2,16.6,16.0,17.1,0.5,3.5,3.3,3.6,-0.1,3.9,3.7,4.0,0.4,14.2,13.7,14.7,-0.1,34.9,29.8,40.0,1.8,8.9,-1.0,21.5,17.4,26.1,0.4,72.3,0.2,18.5,17.9,19.1,0.1,8.0,33.0,24.2,15.2,34.0,-0.4,99.0,351.2,0.2,37.3,32.6,42.0,1.4,,,,,,,,,,47.5,40.0,54.9,25.0,19.7,31.3,2860.0,12.4,10.7,14.0,0.6,20.0,70.9,1410:1,0.0,61.0,213.6,468:1,0.1,2961.0,0.1,,,,4471.0,2701.0,42.0,-0.1,,,,32.0,44.0,389.0,82.0,0.4,3378.0,6961.0,48.5,42.8,54.3,1.1,483.0,16473.0,2.9,-0.4,15.3,10.3,20.3,-0.3,,,17.6,11.0,12.2,93397.0,24301.0,3.8,-0.7,2202.0,7380.0,29.8,23.3,36.3,0.4,35.0,12.4,-0.4,56.0,202.8,0.1,139.0,98.1,81.8,114.4,0.1,,,,,,,,,,47.3,30.3,70.3,130.9,106.6,155.3,6.3,0.6,Yes,0.9,14.7,11.5,17.8,9.7,7.3,12.1,5.4,3.3,7.5,1.4,0.5,2.4,-0.4,72.5,69.1,75.9,-0.1,,,,,,,,,,71.8,65.3,78.2,75.4,70.9,79.9,55387,49525,61249,,,,65809,22385,109233,42905,29838,55972,48814,44759,52869,54994,51161,58827,60,47,33,6935,64,61,67,1190,11,9,14,28558,26.0,15.5,934,3.3,531,1.9,238,0.8,92,0.3,10373,36.3,16606,58.1,2125,8,6,10,49.5,9165,32.5,0.25,48,-0.13,26,0.10,43,0.02,37,0.00,35,0.02,40
08089,Colorado,Otero,310.0,9826.5,8171.5,11481.5,1.2,,,,,,,,,,11853.6,9062.7,14644.4,8575.0,6467.0,10683.1,20.3,19.7,20.9,1.5,4.2,4.0,4.3,1.5,4.2,4.0,4.4,1.5,16.2,15.7,16.7,1.2,35.1,29.3,41.0,1.8,7.3,0.7,22.5,17.9,27.3,0.6,70.7,0.3,15.3,14.7,15.8,-1.2,6.0,18.0,33.3,20.6,45.9,0.1,69.0,376.5,0.3,35.7,30.0,41.4,1.2,,,,,,,,,,43.9,35.3,54.1,23.4,17.1,31.2,1523.0,10.8,9.2,12.5,0.1,12.0,65.5,1527:1,0.1,77.0,417.8,239:1,-0.9,5465.0,2.0,,,,6043.0,5441.0,44.0,-0.3,,,,43.0,44.0,214.0,92.1,-0.9,2562.0,4120.0,62.2,54.0,70.4,0.1,430.0,8635.0,5.0,1.7,29.9,21.2,38.6,1.4,,,,42.3,14.5,72629.0,11847.0,6.1,3.0,1687.0,4201.0,40.2,30.6,49.7,1.7,22.0,12.0,-0.3,28.5,157.7,-0.3,91.0,99.0,79.7,121.6,0.1,,,,,,,,,,96.7,68.1,133.3,104.1,78.0,136.2,5.7,0.2,Yes,0.9,18.5,15.0,21.9,15.2,11.8,18.6,2.6,1.2,4.0,1.2,0.3,2.1,0.6,78.7,74.4,82.9,0.8,,,,,,,,,,79.0,69.8,88.1,82.2,80.3,84.1,40064,35499,44629,25132,8107,42157,,,,,,,25753,21572,29934,41598,38346,44850,67,58,19,4784,62,59,65,1319,18,14,22,18432,23.9,20.4,209,1.1,689,3.7,177,1.0,39,0.2,7757,42.1,9889,53.7,423,2,1,4,51.0,6479,34.4,0.60,55,0.41,53,0.25,56,0.11,48,0.34,53,0.04,50
08091,Colorado,Ouray,,,,,0.0,,,,,,,,,,,,,,,,11.2,10.7,11.6,-0.9,3.1,2.9,3.3,-0.8,3.5,3.3,3.7,-0.7,12.6,12.1,13.2,-1.0,21.9,15.1,30.0,-0.5,8.4,-0.4,17.0,10.9,24.7,-0.4,70.5,0.3,17.4,16.6,18.2,-0.3,2.0,13.0,15.4,3.5,32.5,-1.0,9.0,187.7,-0.8,,,,0.0,,,,,,,,,,,,,,,,307.0,8.7,7.3,10.1,-0.7,6.0,125.2,799:1,-1.6,7.0,144.8,690:1,0.4,1049.0,-1.3,,,,,,47.0,-0.6,,,,,,31.0,96.8,-1.5,770.0,984.0,78.3,68.0,88.5,-1.1,84.0,2400.0,3.5,0.2,11.0,7.2,14.8,-0.8,,,,,,107881.0,24129.0,4.5,0.3,166.0,683.0,24.3,11.3,37.3,-0.3,7.0,14.6,-0.7,3.0,81.6,-0.8,30.0,126.0,85.0,179.9,1.1,,,,,,,,,,,,,,,,4.1,-1.0,No,-1.1,18.9,13.8,24.1,16.8,11.6,21.9,0.9,0.0,2.4,1.1,0.0,2.3,0.7,62.7,54.2,71.3,-1.5,,,,,,,,,,,,,,,,68900,60159,77641,,,,,,,,,,,,,,,,28,,,1500,68,63,74,434,21,14,27,4833,15.4,27.2,4,0.1,43,0.9,38,0.8,8,0.2,312,6.5,4370,90.4,30,1,0,2,49.4,4436,100.0,0.00,27,-0.02,38,-0.20,10,-0.17,5,-0.18,18,-0.06,9
08093,Colorado,Park,205.0,7012.5,5191.6,8833.4,0.0,,,,,,,,,,,,,,,,10.6,10.1,11.1,-1.0,3.0,2.8,3.1,-1.2,3.4,3.2,3.6,-1.2,12.9,12.2,13.5,-0.9,23.4,18.5,29.0,-0.2,7.7,0.3,17.9,13.1,23.1,-0.2,72.1,0.2,18.8,17.9,19.7,0.2,3.0,23.0,13.0,4.2,25.4,-1.2,14.0,78.2,-1.4,7.1,4.2,11.2,-1.6,,,,,,,,,,,,,,,,1252.0,8.7,7.4,10.1,-0.7,3.0,16.8,5968:1,1.6,16.0,86.2,1160:1,0.7,1973.0,-0.7,,,,,,43.0,-0.2,,,,37.0,43.0,94.0,87.2,-0.3,2277.0,3489.0,65.3,55.8,74.7,-0.1,314.0,10859.0,2.9,-0.5,12.1,7.9,16.3,-0.6,,,,,,119394.0,31306.0,3.8,-0.8,389.0,2974.0,13.1,6.8,19.3,-1.8,8.0,4.5,1.0,18.0,112.3,-0.6,96.0,111.0,89.9,135.6,0.5,,,,,,,,,,,,,,,,4.5,-0.7,No,-1.1,13.6,10.0,17.1,10.6,7.4,13.9,1.3,0.1,2.4,1.6,0.6,2.7,-0.6,72.3,67.3,77.3,-0.1,,,,,,,,,,,,,,,,72121,64224,80018,,,,,,,,,,53378,32936,73820,67714,59956,75472,36,,26,5961,84,81,86,765,11,7,14,18556,15.1,20.4,155,0.8,234,1.3,195,1.1,7,0.0,1156,6.2,16504,88.9,12,0,0,1,47.4,16206,100.0,0.01,39,-0.18,21,-0.20,9,0.00,34,-0.16,21,-0.04,16
08095,Colorado,Phillips,,,,,0.0,,,,,,,,,,,,,,,,13.6,13.1,14.1,-0.2,3.2,3.1,3.4,-0.5,3.7,3.5,3.8,-0.3,12.3,11.8,12.8,-1.2,31.4,24.0,39.6,1.2,8.9,-1.0,25.3,18.8,32.5,1.1,82.8,-0.4,17.0,16.3,17.6,-0.5,0.0,2.0,0.0,0.0,51.1,-2.0,8.0,186.4,-0.8,27.2,17.6,40.2,0.4,,,,,,,,,,52.4,28.7,88.0,17.5,8.7,31.3,436.0,13.2,11.2,15.3,0.9,5.0,116.5,858:1,-1.4,4.0,93.3,1072:1,0.6,3336.0,0.4,,,,,,35.0,0.6,,,,6.0,35.0,70.0,81.4,0.4,516.0,939.0,55.0,48.0,61.9,0.6,51.0,2693.0,1.9,-1.5,15.6,10.1,21.1,-0.2,,,,,,101235.0,26233.0,3.9,-0.7,88.0,1107.0,7.9,2.9,13.0,-2.4,10.0,23.3,-2.2,7.0,161.3,-0.2,20.0,92.7,56.6,143.1,-0.1,,,,,,,,,,,,,,,,5.9,0.3,No,-1.1,17.9,12.7,23.1,10.4,5.8,15.0,6.4,2.4,10.3,2.0,0.0,4.2,0.4,72.7,67.3,78.0,0.0,,,,,,,,,,,,,,,,52367,45525,59209,,,,,,,,,,46087,39493,52681,55708,49823,61593,43,,,1173,70,66,75,137,9,4,13,4286,24.6,22.5,29,0.7,41,1.0,22,0.5,5,0.1,881,20.6,3300,77.0,236,6,3,9,50.7,4442,100.0,0.00,27,-0.32,8,-0.14,15,0.03,41,-0.25,10,-0.02,21
08097,Colorado,Pitkin,98.0,3079.4,2119.7,4324.7,-1.6,,,,,,,,,,,,,,,,10.6,10.2,11.0,-1.0,2.9,2.8,3.1,-1.2,3.3,3.1,3.4,-1.6,12.3,11.8,12.8,-1.3,14.2,10.2,19.3,-1.8,8.5,-0.6,13.6,9.2,18.9,-1.0,92.7,-0.9,20.1,19.3,21.0,0.7,0.0,8.0,0.0,0.0,23.4,-2.0,53.0,296.3,-0.2,3.8,1.9,6.9,-1.9,,,,,,,,,,,,,,,,1790.0,12.3,10.3,14.2,0.6,13.0,72.7,1376:1,-0.1,66.0,367.7,272:1,-0.6,1566.0,-1.0,,,,,,54.0,-1.3,,45.0,,35.0,54.0,134.0,95.5,-1.3,4141.0,5095.0,81.3,68.4,94.2,-1.3,437.0,11363.0,3.8,0.5,6.2,4.1,8.3,-1.3,,,79.1,7.8,1.6,144434.0,38964.0,3.7,-1.0,968.0,2841.0,34.1,19.0,49.2,0.9,35.0,19.6,-1.6,11.0,62.1,-1.0,67.0,75.3,58.3,95.6,-0.7,,,,,,,,,,,,,,,,4.0,-1.1,No,-1.1,15.9,11.8,20.0,13.7,10.0,17.4,1.9,0.4,3.4,1.6,0.5,2.7,0.0,52.3,45.7,58.9,-3.0,,,,,,,,,,66.7,59.8,73.7,55.2,48.7,61.6,89034,77459,100609,,,,,,,,,,51037,23095,78979,71774,65028,78520,13,45,15,4528,65,60,69,998,15,10,19,17950,15.1,19.4,160,0.9,87,0.5,335,1.9,22,0.1,1819,10.1,15381,85.7,134,1,0,2,48.3,7580,44.2,-0.82,2,-0.37,6,-0.34,2,-0.09,14,-0.26,8,-0.12,1
08099,Colorado,Prowers,185.0,8230.3,6431.7,10029.0,0.5,,,,,,,,,,6685.4,4367.1,9795.6,8875.6,6391.5,11359.7,17.5,16.9,18.0,0.8,3.8,3.7,4.0,0.8,4.0,3.8,4.2,0.8,15.0,14.5,15.6,0.4,33.8,27.8,40.0,1.6,7.7,0.3,21.4,16.4,26.3,0.4,55.3,1.1,17.0,16.3,17.6,-0.5,4.0,13.0,30.8,15.7,46.1,0.0,63.0,522.0,1.1,38.6,31.9,45.4,1.5,,,,,,,,,,59.7,47.6,74.0,24.4,17.6,33.0,1349.0,14.1,12.2,16.0,1.2,5.0,41.4,2414:1,0.9,23.0,189.1,529:1,0.2,5154.0,1.7,,,,4019.0,5602.0,31.0,1.0,,,,29.0,31.0,161.0,95.0,-1.3,1573.0,2651.0,59.3,49.8,68.9,0.3,212.0,6387.0,3.3,0.0,28.6,20.1,37.1,1.3,,,,39.7,6.4,79918.0,19076.0,4.2,-0.2,1155.0,3002.0,38.5,26.8,50.2,1.5,13.0,10.8,-0.1,7.0,56.9,-1.0,52.0,86.5,64.6,113.4,-0.3,,,,,,,,,,58.0,30.9,99.1,101.7,71.6,140.2,6.4,0.7,Yes,0.9,13.6,9.9,17.3,11.7,8.0,15.4,2.3,0.6,4.1,0.4,0.0,0.9,-0.6,78.3,73.7,83.0,0.8,,,,,,,,,,79.3,72.7,85.8,81.8,76.8,86.7,42455,37241,47669,,,,,,,,,,36300,28692,43908,44221,37757,50685,61,,22,3167,64,60,68,582,12,8,16,12164,25.8,17.6,85,0.7,239,2.0,58,0.5,5,0.0,4701,38.6,7076,58.2,473,4,2,6,49.7,4755,37.9,0.27,49,0.04,41,0.20,52,0.23,59,0.05,37,0.03,43
08101,Colorado,Pueblo,2629.0,9771.2,9207.9,10334.5,1.2,,,,,,,13145.6,9255.7,18119.5,10155.3,9316.5,10994.1,9430.6,8611.2,10250.1,22.5,22.0,23.1,2.1,4.2,4.0,4.3,1.5,4.3,4.2,4.5,1.8,16.4,16.0,16.9,1.3,29.4,25.9,33.1,0.8,7.3,0.7,22.1,19.3,24.9,0.5,64.5,0.6,15.9,15.3,16.4,-0.9,51.0,121.0,42.1,37.8,46.4,0.7,949.0,570.1,1.4,31.8,30.0,33.6,0.8,,,,,,,20.2,12.7,30.6,39.4,36.7,42.2,23.2,20.8,25.6,11088.0,8.4,7.4,9.5,-0.8,107.0,64.3,1556:1,0.2,858.0,512.2,195:1,-1.3,3511.0,0.5,,,2346.0,3538.0,3465.0,53.0,-1.2,34.0,41.0,42.0,51.0,54.0,1658.0,84.6,0.0,25432.0,40336.0,63.1,60.1,66.0,0.0,3726.0,75912.0,4.9,1.6,22.9,17.5,28.3,0.6,40.1,,38.3,32.8,15.5,90990.0,18529.0,4.9,1.1,14981.0,37130.0,40.3,37.2,43.5,1.7,141.0,8.5,0.3,1030.5,629.9,3.2,899.0,109.0,101.9,116.2,0.5,,,,,,,114.8,70.1,177.3,98.8,88.5,109.2,117.6,107.5,127.8,6.0,0.4,Yes,0.9,18.0,16.8,19.3,15.7,14.6,16.9,2.1,1.6,2.5,1.4,1.0,1.8,0.5,82.8,81.6,84.0,1.4,89.3,81.1,97.5,68.9,61.6,76.2,80.2,68.9,91.5,84.0,81.7,86.3,84.1,83.0,85.2,48308,45365,51251,32435,24738,40132,37059,23930,50188,38619,31559,45679,39254,37242,41266,49780,47592,51968,65,50,28,41006,64,63,66,9950,16,15,17,167529,22.5,18.5,3096,1.8,5226,3.1,1815,1.1,299,0.2,72189,43.1,87033,52.0,1470,1,,,50.7,22513,14.2,0.59,54,0.57,55,0.25,57,-0.07,17,0.38,57,0.07,56
08103,Colorado,Rio Blanco,75.0,6568.3,4600.3,9093.3,-0.2,,,,,,,,,,,,,,,,12.6,12.1,13.1,-0.5,3.3,3.1,3.4,-0.5,3.7,3.5,3.9,-0.3,14.1,13.6,14.8,-0.1,25.9,19.2,33.3,0.2,8.2,-0.2,18.9,13.3,25.1,-0.1,94.8,-1.0,19.7,18.9,20.5,0.5,1.0,7.0,14.3,0.9,38.6,-1.1,9.0,140.2,-1.1,13.5,8.6,20.3,-0.9,,,,,,,,,,,,,,,,475.0,9.2,7.7,10.6,-0.5,9.0,140.2,713:1,-2.1,16.0,252.5,396:1,-0.1,2516.0,-0.2,,,,,,20.0,2.0,,,,,,81.0,95.1,-1.3,1059.0,1554.0,68.1,58.1,78.2,-0.3,127.0,2854.0,4.4,1.1,12.0,8.3,15.7,-0.6,,,,65.1,6.3,102840.0,23358.0,4.4,0.2,384.0,1657.0,23.2,12.3,34.0,-0.5,7.0,10.9,-0.1,6.5,96.7,-0.7,30.0,92.1,62.1,131.5,-0.1,,,,,,,,,,,,,,,,5.7,0.2,No,-1.1,12.2,8.1,16.4,9.4,4.8,14.1,3.2,0.6,5.8,1.4,0.1,2.7,-1.0,69.0,63.5,74.5,-0.6,,,,,,,,,,,,,,,,63411,54996,71826,,,,,,,,,,34464,11407,57521,56974,49849,64099,33,,16,1681,70,65,75,201,9,4,13,6336,23.8,15.5,74,1.2,101,1.6,42,0.7,7,0.1,652,10.3,5359,84.6,86,1,0,3,48.9,6666,100.0,-0.08,25,-0.27,12,-0.08,20,-0.06,18,-0.04,30,-0.06,7
08105,Colorado,Rio Grande,173.0,9648.2,7500.7,11795.6,1.1,,,,,,,,,,13418.1,9959.2,17690.1,6661.2,4461.1,9566.6,17.3,16.8,17.9,0.7,3.8,3.6,4.0,0.7,3.9,3.7,4.0,0.4,14.2,13.7,14.6,-0.1,27.5,21.1,34.2,0.5,8.4,-0.4,21.2,15.8,26.8,0.4,78.4,-0.1,16.1,15.5,16.7,-0.9,1.0,13.0,7.7,0.4,25.1,-1.5,60.0,530.9,1.2,32.8,26.1,40.8,1.0,,,,,,,,,,34.5,25.5,45.8,18.2,11.0,28.4,1208.0,13.6,11.7,15.5,1.1,13.0,115.0,869:1,-1.3,3.0,26.7,3750:1,0.9,5389.0,1.9,,,,6378.0,5127.0,29.0,1.2,,,,27.0,30.0,150.0,85.3,-0.1,1445.0,2437.0,59.3,49.1,69.4,0.3,273.0,5643.0,4.8,1.5,23.4,15.2,31.6,0.7,29.5,,,25.6,19.3,86034.0,14394.0,6.0,2.9,683.0,2653.0,25.7,13.3,38.2,-0.1,20.0,17.7,-1.3,23.0,200.9,0.0,73.0,127.7,100.1,160.5,1.1,,,,,,,,,,126.6,86.6,178.7,134.6,96.6,182.6,4.4,-0.8,Yes,0.9,17.1,13.2,21.1,11.2,7.7,14.8,4.8,2.7,6.9,2.7,0.7,4.7,0.3,76.7,73.5,80.0,0.5,,,,,,,,,,87.9,81.4,94.4,74.2,66.9,81.4,44171,39317,49025,14016,11369,16663,,,,,,,35945,30278,41612,42411,37475,47347,58,41,5,2982,66,64,68,602,14,9,19,11250,22.7,20.2,70,0.6,388,3.4,71,0.6,8,0.1,4948,44.0,5901,52.5,392,4,2,6,50.0,7493,62.5,0.56,53,0.33,52,0.01,31,0.17,55,0.29,50,0.01,32
08107,Colorado,Routt,206.0,5682.9,4474.0,6891.7,-0.5,,,,,,,,,,,,,,,,11.0,10.5,11.5,-0.9,3.1,2.9,3.3,-0.9,3.7,3.5,3.9,-0.3,14.4,13.7,15.0,0.0,15.6,11.8,19.8,-1.6,8.1,-0.1,10.2,7.3,13.6,-1.7,86.4,-0.5,22.9,21.9,23.9,1.8,11.0,18.0,61.1,51.5,69.2,1.9,61.0,241.9,-0.5,8.2,5.8,11.3,-1.4,,,,,,,,,,30.9,17.3,50.9,5.5,3.4,8.3,1809.0,8.5,7.2,9.8,-0.8,31.0,122.9,814:1,-1.6,79.0,307.0,326:1,-0.4,1358.0,-1.1,,,,,,57.0,-1.6,,,,50.0,58.0,257.0,93.0,-1.0,5751.0,7452.0,77.2,69.4,84.9,-1.0,440.0,16301.0,2.7,-0.7,7.3,4.8,9.8,-1.2,,,,35.0,7.2,135430.0,33000.0,4.1,-0.3,839.0,4597.0,18.3,12.4,24.1,-1.1,37.0,14.7,-0.7,37.5,159.4,-0.3,86.0,69.6,55.7,85.9,-0.9,,,,,,,,,,,,,,,,3.9,-1.2,Yes,0.9,19.1,15.9,22.3,17.7,14.2,21.3,2.1,0.9,3.4,0.7,0.0,1.5,0.7,67.6,63.3,72.0,-0.8,,,,,,,,,,73.7,66.1,81.2,67.2,62.9,71.5,81033,71768,90298,,,,,,,75250,0,157956,53594,26983,80205,75077,68756,81398,22,49,24,6729,70,65,76,1352,15,12,18,25733,18.1,15.4,223,0.9,162,0.6,237,0.9,26,0.1,1808,7.0,23053,89.6,380,2,0,3,47.9,10621,45.2,-0.27,17,-0.30,10,-0.07,21,-0.23,2,-0.34,3,-0.01,23
08109,Colorado,Saguache,94.0,10483.0,7259.8,14649.0,1.5,,,,,,,,,,,,,,,,21.0,20.3,21.7,1.7,4.3,4.2,4.5,1.9,4.4,4.2,4.6,2.1,17.6,17.0,18.2,2.0,29.0,21.7,36.4,0.7,7.8,0.2,23.9,17.0,31.7,0.9,48.4,1.4,13.9,13.3,14.4,-1.7,3.0,13.0,23.1,8.9,39.4,-0.5,,,0.0,35.0,25.5,46.8,1.2,,,,,,,,,,,,,,,,851.0,16.9,14.7,19.2,2.3,1.0,15.1,6626:1,1.7,5.0,73.1,1369:1,0.7,1797.0,-0.8,,,,1745.0,1692.0,32.0,0.9,,,,32.0,32.0,60.0,68.3,2.1,531.0,1201.0,44.2,34.4,54.0,1.5,169.0,3638.0,4.6,1.3,37.0,23.7,50.3,2.3,,,,23.9,8.0,73676.0,13981.0,5.3,1.7,314.0,1412.0,22.2,11.6,32.9,-0.6,9.0,13.6,-0.6,11.0,175.5,-0.1,44.0,136.2,99.0,182.8,1.4,,,,,,,,,,100.5,51.9,175.6,156.5,105.6,223.4,4.1,-1.0,No,-1.1,16.8,12.5,21.1,11.2,7.3,15.1,4.7,2.2,7.3,1.9,0.4,3.5,0.2,69.1,64.2,73.9,-0.6,,,,,,,,,,72.0,66.5,77.4,59.8,53.8,65.9,36869,32285,41453,,,,,,,,,,34537,27037,42037,35603,25460,45746,90,,3,1982,75,71,79,352,14,9,19,6843,21.4,23.0,55,0.8,241,3.5,60,0.9,3,0.0,2457,35.9,4024,58.8,309,5,3,7,49.9,6108,100.0,0.74,57,0.91,59,0.24,55,0.21,57,0.53,59,-0.06,8
08111,Colorado,San Juan,,,,,,,,,,,,,,,,,,,,,15.1,14.4,15.7,,3.7,3.5,3.9,,3.9,3.7,4.1,,16.0,15.3,16.8,,24.8,16.7,34.8,,5.4,,21.3,12.5,32.2,,99.7,,17.2,16.4,18.0,,0.0,4.0,0.0,0.0,36.0,,,,,,,,,,,,,,,,,,,,,,,,47.0,8.6,7.0,10.1,,1.0,139.9,715:1,,0.0,0.0,762:0,,,,,,,,,55.0,,,,,,,,,,86.0,129.0,66.7,33.1,100.0,,16.0,519.0,3.1,,20.4,13.3,27.5,,,,,,,117667.0,26045.0,4.5,,12.0,69.0,17.4,0.0,36.8,,0.0,0.0,,0.5,71.8,,,,,,,,,,,,,,,,,,,,,,4.0,,No,,15.8,5.9,25.7,14.0,0.5,27.6,1.4,0.0,10.6,0.0,0.0,6.5,,62.5,50.7,74.3,,,,,,,,,,,,,,,,,46878,40764,52992,,,,,,,,,,42188,0,91567,47969,35672,60266,65,,,178,67,58,76,31,12,0,31,762,12.6,23.4,1,0.1,7,0.9,6,0.8,0,0.0,94,12.3,639,83.9,4,1,0,11,44.0,699,100.0,,NR,,NR,,NR,,NR,,NR,,NR
08113,Colorado,San Miguel,,,,,0.0,,,,,,,,,,,,,,,,12.0,11.5,12.5,-0.7,3.2,3.0,3.3,-0.7,3.6,3.4,3.8,-0.6,14.4,13.7,15.0,0.0,18.8,12.9,26.4,-1.0,8.3,-0.3,15.2,9.4,22.9,-0.7,82.1,-0.3,20.4,19.4,21.3,0.8,6.0,11.0,54.5,40.1,66.4,1.5,27.0,338.9,0.1,,,,0.0,,,,,,,,,,,,,,,,810.0,11.8,10.0,13.6,0.4,6.0,75.3,1328:1,-0.1,24.0,293.0,341:1,-0.3,996.0,-1.4,,,,,,35.0,0.6,,,,,,77.0,97.4,-1.6,1991.0,2540.0,78.4,69.7,87.1,-1.1,194.0,5520.0,3.5,0.2,9.8,6.5,13.1,-0.9,,,,15.7,6.4,124982.0,27257.0,4.6,0.5,381.0,1461.0,26.1,18.2,33.9,-0.1,4.0,5.0,0.9,9.0,114.0,-0.6,30.0,75.2,50.7,107.4,-0.7,,,,,,,,,,,,,,,,4.6,-0.7,Yes,0.9,29.8,25.0,34.5,23.9,19.2,28.5,3.5,1.8,5.3,4.8,3.0,6.5,3.0,49.7,44.8,54.7,-3.0,,,,,,,,,,36.1,21.4,50.9,51.9,46.2,57.6,69458,60492,78424,,,,80956,54413,107499,,,,37212,24179,50245,68326,62005,74647,27,,28,2081,60,58,63,753,22,18,27,8191,17.6,14.7,46,0.6,111,1.4,75,0.9,5,0.1,876,10.7,7039,85.9,98,1,0,3,46.8,7359,100.0,0.00,27,-0.24,15,-0.01,28,-0.05,21,-0.18,17,0.01,30
08115,Colorado,Sedgwick,,,,,0.0,,,,,,,,,,,,,,,,14.6,14.1,15.2,0.0,3.6,3.4,3.7,0.2,3.9,3.7,4.1,0.4,13.9,13.3,14.4,-0.3,26.9,19.2,35.4,0.4,7.9,0.1,26.4,18.3,35.1,1.3,62.5,0.7,16.3,15.6,17.0,-0.8,4.0,8.0,50.0,31.6,65.0,1.2,,,0.0,27.4,14.2,47.9,0.4,,,,,,,,,,,,,,,,208.0,12.1,10.2,14.0,0.5,1.0,42.7,2344:1,0.8,,,,0.0,2387.0,-0.3,,,,,,19.0,2.1,,,,21.0,19.0,89.0,69.7,1.9,314.0,445.0,70.6,56.7,84.4,-0.5,32.0,1253.0,2.6,-0.8,25.9,16.8,35.0,1.0,,,,,,80868.0,17603.0,4.6,0.5,200.0,521.0,38.4,23.9,52.9,1.5,4.0,17.1,-1.1,8.0,337.6,1.1,17.0,144.1,83.9,230.6,1.7,,,,,,,,,,,,,,,,5.7,0.2,No,-1.1,11.9,7.6,16.1,9.3,4.8,13.9,2.8,0.0,6.2,0.4,0.0,2.3,-1.1,70.3,63.9,76.8,-0.4,,,,,,,,,,,,,,,,40009,34900,45118,,,,41250,0,83399,,,,27250,16902,37598,46563,37151,55975,54,,,728,72,65,78,104,11,5,17,2303,20.4,26.2,17,0.7,27,1.2,33,1.4,5,0.2,384,16.7,1835,79.7,19,1,0,3,50.6,2379,100.0,0.00,27,-0.21,18,0.05,38,0.12,50,0.15,44,-0.05,12
08117,Colorado,Summit,149.0,3410.9,2591.3,4230.4,-1.5,,,,,,,,,,,,,,,,10.9,10.4,11.3,-1.0,3.1,2.9,3.2,-1.0,3.4,3.2,3.5,-1.2,13.7,13.1,14.3,-0.4,15.9,11.7,21.0,-1.6,8.3,-0.3,10.8,7.5,14.6,-1.6,100.0,-1.2,22.3,21.4,23.3,1.5,5.0,19.0,26.3,14.2,39.3,-0.3,104.0,340.0,0.1,14.6,11.0,19.0,-0.8,,,,,,,,,,37.1,25.9,51.6,6.9,4.1,10.7,2932.0,11.1,9.1,13.0,0.2,19.0,62.1,1610:1,0.2,91.0,293.5,341:1,-0.3,1606.0,-0.9,,,,,,55.0,-1.4,,57.0,,38.0,55.0,218.0,95.0,-1.3,7472.0,10449.0,71.5,61.8,81.2,-0.6,496.0,22315.0,2.2,-1.1,7.1,4.6,9.6,-1.2,,24.9,,40.1,1.8,132750.0,35078.0,3.8,-0.9,1145.0,5011.0,22.8,11.8,33.9,-0.5,16.0,5.2,0.9,52.5,176.0,-0.1,71.0,46.8,36.6,59.1,-1.7,,,,,,,,,,,,,,,,4.1,-1.0,No,-1.1,23.6,19.0,28.1,19.0,14.5,23.4,4.7,2.2,7.3,1.1,0.1,2.2,1.9,76.2,71.5,80.9,0.5,,,,,,,,,,77.0,67.6,86.3,76.1,71.1,81.1,80078,70513,89643,,,,,,,,,,66431,39010,93852,78134,71297,84971,33,73,41,6416,66,61,71,1714,18,14,23,31007,16.2,13.7,316,1.0,253,0.8,399,1.3,37,0.1,4520,14.6,25359,81.8,1057,4,2,5,45.8,5464,19.5,-0.75,3,-0.10,29,-0.15,14,-0.13,8,-0.36,2,-0.02,20
08119,Colorado,Teller,309.0,7155.3,5741.0,8569.5,0.1,,,,,,,,,,,,,,,,10.5,10.0,10.9,-1.1,3.1,2.9,3.2,-1.0,3.5,3.3,3.7,-0.8,12.3,11.8,12.9,-1.2,21.0,16.5,26.1,-0.7,8.7,-0.8,15.3,11.7,19.7,-0.7,81.7,-0.3,18.1,17.3,18.9,-0.1,7.0,19.0,36.8,24.6,48.6,0.4,40.0,162.3,-0.9,13.7,10.5,17.6,-0.9,,,,,,,,,,,,,,,,1585.0,8.2,7.0,9.4,-0.9,12.0,48.7,2054:1,0.6,40.0,159.5,627:1,0.3,3628.0,0.6,,,,,,39.0,0.2,,31.0,,29.0,39.0,225.0,83.1,0.2,3287.0,4606.0,71.4,61.6,81.2,-0.6,469.0,12651.0,3.7,0.4,12.5,8.1,16.9,-0.6,,,,,,120693.0,29604.0,4.1,-0.3,1172.0,4274.0,27.4,17.9,36.9,0.1,24.0,9.7,0.1,56.5,242.0,0.4,104.0,86.3,69.7,102.9,-0.3,,,,,,,,,,,,,,,,5.0,-0.4,Yes,0.9,14.3,11.4,17.2,11.5,8.8,14.1,2.1,0.8,3.5,0.8,0.2,1.3,-0.5,76.9,73.2,80.6,0.6,,,,,,,,,,,,,,,,64850,57103,72597,,,,,,,113182,46375,179989,50536,37141,63931,65714,59040,72388,35,41,36,8242,81,79,83,1133,11,8,14,25083,17.0,21.9,207,0.8,343,1.4,246,1.0,30,0.1,1695,6.8,22194,88.5,110,0,0,1,49.2,14618,62.6,0.04,41,-0.07,35,-0.23,5,0.03,38,-0.03,31,0.03,46
08121,Colorado,Washington,66.0,9054.9,5967.2,13174.4,0.9,,,,,,,,,,,,,,,,13.0,12.5,13.5,-0.4,3.4,3.3,3.6,-0.1,3.7,3.5,3.9,-0.1,13.5,13.0,14.2,-0.5,31.8,24.0,40.1,1.2,7.3,0.7,29.9,22.1,38.4,2.0,43.7,1.6,17.9,17.2,18.7,-0.1,3.0,14.0,21.4,8.1,37.3,-0.6,4.0,81.0,-1.4,21.1,13.1,32.3,-0.2,,,,,,,,,,,,,,,,360.0,9.6,8.1,11.2,-0.4,1.0,20.3,4938:1,1.5,2.0,40.7,2455:1,0.9,2219.0,-0.5,,,,,,19.0,2.1,,,,,,52.0,86.5,-0.2,814.0,1121.0,72.6,63.6,81.6,-0.7,78.0,3225.0,2.4,-0.9,19.6,13.3,25.9,0.2,,,,17.4,13.0,92727.0,24167.0,3.8,-0.8,307.0,1108.0,27.7,18.2,37.2,0.1,8.0,16.2,-1.0,6.5,134.0,-0.4,23.0,94.3,59.8,141.4,0.0,,,,,,,,,,,,,,,,5.7,0.2,No,-1.1,10.7,8.0,13.5,7.9,5.2,10.7,2.2,0.7,3.6,0.9,0.0,1.9,-1.3,75.4,71.3,79.5,0.3,,,,,,,,,,,,,,,,47869,42688,53050,,,,,,,,,,37188,25841,48535,50556,44507,56605,55,,,1380,68,60,76,190,10,7,14,4909,22.6,20.7,55,1.1,19,0.4,20,0.4,6,0.1,513,10.5,4243,86.4,44,1,0,2,48.0,4814,100.0,0.44,51,-0.24,16,0.02,34,0.05,43,-0.17,19,-0.04,15
08123,Colorado,Weld,2705.0,5794.0,5493.0,6095.1,-0.5,,,,,,,,,,5453.7,4922.6,5984.7,5888.6,5506.7,6270.5,13.6,13.2,13.9,-0.3,3.2,3.1,3.4,-0.5,3.7,3.6,3.8,-0.1,13.7,13.3,14.2,-0.3,29.0,26.8,31.4,0.7,8.8,-0.9,18.6,16.8,20.5,-0.1,78.3,-0.1,17.9,17.4,18.4,-0.2,86.0,294.0,29.3,26.3,32.2,-0.1,1339.0,439.5,0.7,24.4,23.2,25.5,0.1,,,,27.1,18.8,37.9,14.1,8.3,22.2,43.2,40.7,45.6,12.5,11.5,13.6,24729.0,9.4,8.4,10.4,-0.4,149.0,48.9,2045:1,0.6,800.0,254.5,393:1,-0.1,3197.0,0.3,9670.0,,2511.0,3767.0,3061.0,50.0,-0.9,43.0,54.0,43.0,38.0,52.0,2862.0,84.6,0.0,52558.0,83759.0,62.7,60.7,64.8,0.1,4970.0,165290.0,3.0,-0.3,13.2,10.7,15.7,-0.5,18.9,13.8,40.2,19.9,6.8,122444.0,31426.0,3.9,-0.7,17564.0,77859.0,22.6,20.5,24.6,-0.5,192.0,6.3,0.7,772.0,272.8,0.6,1079.0,73.1,68.7,77.4,-0.8,,,,,,,48.9,23.5,90.0,55.9,48.8,63.0,82.0,76.4,87.7,8.6,2.3,Yes,0.9,15.3,14.4,16.3,12.6,11.8,13.5,2.9,2.5,3.3,0.9,0.6,1.1,-0.2,80.1,79.3,80.9,1.0,79.8,67.2,92.4,64.3,54.8,73.7,79.5,70.5,88.5,74.4,72.7,76.2,79.5,78.1,80.9,75629,73388,77870,70111,53089,87133,57898,47146,68650,46853,31890,61816,52884,50229,55539,77638,76022,79254,43,66,24,74144,73,72,74,12294,12,12,13,314305,26.2,12.2,3634,1.2,5066,1.6,5588,1.8,504,0.2,93183,29.6,205687,65.4,9647,4,3,4,49.6,51728,20.5,-0.25,18,-0.20,19,-0.01,30,-0.03,25,-0.09,29,0.11,59
08125,Colorado,Yuma,94.0,5556.8,3969.9,7566.8,-0.6,,,,,,,,,,,,,,,,15.3,14.7,15.8,0.2,3.5,3.4,3.7,0.1,3.8,3.6,4.0,0.1,14.3,13.7,14.9,0.0,27.8,21.6,34.6,0.5,8.1,-0.1,21.3,16.1,26.8,0.4,72.5,0.2,17.2,16.6,17.9,-0.4,2.0,15.0,13.3,2.9,29.2,-1.2,16.0,158.8,-1.0,29.3,22.6,37.4,0.6,,,,,,,,,,63.9,46.6,85.5,13.4,8.0,20.9,1078.0,13.4,11.5,15.3,1.0,5.0,49.6,2015:1,0.6,10.0,99.8,1002:1,0.6,3649.0,0.6,,,,,,14.0,2.6,,,,,,99.0,84.8,0.0,1470.0,2340.0,62.8,52.9,72.7,0.1,125.0,6142.0,2.0,-1.3,16.6,11.0,22.2,-0.1,,,,28.4,14.8,92958.0,22564.0,4.1,-0.3,817.0,2701.0,30.2,19.7,40.7,0.4,14.0,13.9,-0.6,0.5,4.9,-1.4,38.0,75.2,53.2,103.2,-0.7,,,,,,,,,,,,,,,,5.9,0.3,No,-1.1,9.4,5.5,13.2,6.7,3.4,10.0,3.0,0.6,5.4,0.2,0.0,0.7,-1.7,69.8,64.6,75.0,-0.5,,,,,,,,,,59.0,42.2,75.7,72.7,67.4,78.1,53253,46647,59859,42604,6801,78407,,,,,,,32000,24601,39399,51802,45326,58278,59,44,28,2561,63,59,68,322,9,4,13,10020,27.0,18.5,39,0.4,88,0.9,54,0.5,21,0.2,2396,23.9,7426,74.1,605,7,4,9,50.2,6519,64.9,-0.30,15,-0.16,23,-0.02,26,0.16,53,-0.20,12,-0.07,6
