OBJECTID,COUNTY_NAME,COUNTY_FIPS,ASTHMA_ADJRATE,ASTHMA_L95CI,ASTHMA_U95CI,ASTHMA_STATEADJRATE,ASTHMA_SL95CI,ASTHMA_SU95CI,ASTHMA_DISPLAY,DIABETES_ADJRATE,DIABETES_L95CI,DIABETES_U95CI,DIABETES_STATEADJRATE,DIABETES_SL95CI,DIABETES_SU95CI,DIABETES_DISPLAY,HD_ADJRATE,HD_L95CI,HD_U95CI,HD_STATEADJRATE,HD_SL95CI,HD_SU95CI,HD_DISPLAY,LWB_ADJRATE,LWB_L95CI,LWB_U95CI,LWB_STATEADJRATE,LWB_SL95CI,LWB_SU95CI,LWB_DISPLAY,TF_ADJRATE,TF_L95CI,TF_U95CI,TF_STATEADJRATE,TF_SL95CI,TF_SU95CI,TF_DISPLAY,MVA_ADJRATE,MVA_L95CI,MVA_U95CI,MVA_STATEADJRATE,MVA_SL95CI,MVA_SU95CI,MVA_DISPLAY,SUICIDE_ADJRATE,SUICIDE_L95CI,SUICIDE_U95CI,SUICIDE_STATEADJRATE,SUICIDE_SL95CI,SUICIDE_SU95CI,SUICIDE_DISPLAY,INFLUENZA_ADJRATE,INFLUENZA_L95CI,INFLUENZA_U95CI,INFLUENZA_STATEADJRATE,INFLUENZA_SL95CI,INFLUENZA_SU95CI,INFLUENZA_DISPLAY,POD_DEATH_ADJRATE,POD_DEATH_L95CI,POD_DEATH_U95CI,POD_DEATH_STATEADJRATE,POD_DEATH_SL95CI,POD_DEATH_SU95CI,POD_DEATH_DISPLAY
1,LARIMER,69,668.93,656.48,681.38,637.8,634.79,640.81,Higher Than State Average,1118.08,1102.49,1133.66,1267.78,1263.64,1271.91,Lower Than State Average,120.04,114.88,125.19,128.61,127.25,129.98,Lower Than State Average,6.59,6.22,6.97,7.19,7.1,7.28,Lower Than State Average,6.32,5.38,7.26,8.65,8.39,8.9,Lower Than State Average,8.82,7.4,10.24,10.32,9.94,10.7,Not Different Than State Average,21.49,19.2,23.78,19.61,19.09,20.14,Not Different Than State Average,42.28,39.12,45.45,45.6,44.79,46.42,Not Different Than State Average,7.64,6.28,9,8.58,8.24,8.93,Not Different Than State Average
2,LAS ANIMAS,71,581.99,525.03,638.95,637.8,634.79,640.81,Not Different Than State Average,2056.99,1965.21,2148.77,1267.78,1263.64,1271.91,Higher Than State Average,157.64,133.51,181.76,128.61,127.25,129.98,Higher Than State Average,8.24,6.12,10.37,7.19,7.1,7.28,Not Different Than State Average,18.67,10.76,26.58,8.65,8.39,8.9,Higher Than State Average,17.37,7.37,27.38,10.32,9.94,10.7,Not Different Than State Average,30.5,17.13,43.88,19.61,19.09,20.14,Not Different Than State Average,41.3,27.03,55.57,45.6,44.79,46.42,Not Different Than State Average,17.43,7.8,27.06,8.58,8.24,8.93,Not Different Than State Average
3,FREMONT,43,587.5,556.55,618.44,637.8,634.79,640.81,Lower Than State Average,1267.94,1228.92,1306.96,1267.78,1263.64,1271.91,Not Different Than State Average,176.8,162.81,190.79,128.61,127.25,129.98,Higher Than State Average,7.49,6.29,8.69,7.19,7.1,7.28,Not Different Than State Average,9.85,6.6,13.09,8.65,8.39,8.9,Not Different Than State Average,14.66,9.87,19.44,10.32,9.94,10.7,Not Different Than State Average,30.51,23.53,37.48,19.61,19.09,20.14,Higher Than State Average,36.11,28.65,43.57,45.6,44.79,46.42,Lower Than State Average,7.46,3.78,11.13,8.58,8.24,8.93,Not Different Than State Average
4,GUNNISON,51,227.07,191.08,263.05,637.8,634.79,640.81,Lower Than State Average,489.52,436.1,542.94,1267.78,1263.64,1271.91,Lower Than State Average,78.76,55.71,101.81,128.61,127.25,129.98,Lower Than State Average,9.13,6.96,11.3,7.19,7.1,7.28,Not Different Than State Average,2.51,0.47,6.15,8.65,8.39,8.9,Lower Than State Average,12.09,5.4,18.79,10.32,9.94,10.7,Not Different Than State Average,32.31,19.55,45.07,19.61,19.09,20.14,Not Different Than State Average,33.71,19.4,48.03,45.6,44.79,46.42,Not Different Than State Average,,,,8.58,8.24,8.93,No Events or Data Suppressed
5,CONEJOS,21,422.04,357.55,486.53,637.8,634.79,640.81,Lower Than State Average,1583.26,1468.88,1697.63,1267.78,1263.64,1271.91,Higher Than State Average,200.53,159.72,241.33,128.61,127.25,129.98,Higher Than State Average,10.43,7.79,13.06,7.19,7.1,7.28,Higher Than State Average,12.44,5.97,18.92,8.65,8.39,8.9,Not Different Than State Average,17.86,7.24,33.2,10.32,9.94,10.7,Not Different Than State Average,29.69,15.31,48.77,19.61,19.09,20.14,Not Different Than State Average,70.79,44.4,97.18,45.6,44.79,46.42,Not Different Than State Average,23.97,11.29,41.36,8.58,8.24,8.93,Higher Than State Average
6,EAGLE,37,276.85,253.91,299.8,637.8,634.79,640.81,Lower Than State Average,395.76,366.57,424.95,1267.78,1263.64,1271.91,Lower Than State Average,61.98,48.52,75.45,128.61,127.25,129.98,Lower Than State Average,7.29,6.37,8.21,7.19,7.1,7.28,Not Different Than State Average,5.91,3.73,8.09,8.65,8.39,8.9,Lower Than State Average,10.49,6.34,14.64,10.32,9.94,10.7,Not Different Than State Average,12.52,8.55,16.5,19.61,19.09,20.14,Lower Than State Average,23.74,16.52,30.96,45.6,44.79,46.42,Lower Than State Average,3.46,1.59,6.04,8.58,8.24,8.93,Lower Than State Average
7,OTERO,89,940.61,878.31,1002.9,637.8,634.79,640.81,Higher Than State Average,2130.27,2047.08,2213.47,1267.78,1263.64,1271.91,Higher Than State Average,219.56,193.47,245.66,128.61,127.25,129.98,Higher Than State Average,7.33,5.73,8.93,7.19,7.1,7.28,Not Different Than State Average,21.15,14.22,28.08,8.65,8.39,8.9,Higher Than State Average,28.76,17.31,40.2,10.32,9.94,10.7,Higher Than State Average,16.52,8.28,24.76,19.61,19.09,20.14,Not Different Than State Average,38.21,25.91,50.5,45.6,44.79,46.42,Not Different Than State Average,13.79,7.24,22.44,8.58,8.24,8.93,Not Different Than State Average
8,LA PLATA,67,343.31,321.2,365.42,637.8,634.79,640.81,Lower Than State Average,661.02,631.31,690.73,1267.78,1263.64,1271.91,Lower Than State Average,123.88,110.65,137.1,128.61,127.25,129.98,Not Different Than State Average,6.41,5.47,7.34,7.19,7.1,7.28,Not Different Than State Average,4.98,2.8,7.16,8.65,8.39,8.9,Lower Than State Average,12.54,8.28,16.8,10.32,9.94,10.7,Not Different Than State Average,20.67,15.15,26.19,19.61,19.09,20.14,Not Different Than State Average,28.35,21.83,34.86,45.6,44.79,46.42,Lower Than State Average,3.97,1.96,6.69,8.58,8.24,8.93,Lower Than State Average
9,SUMMIT,117,262.36,226.28,298.44,637.8,634.79,640.81,Lower Than State Average,297.66,254.9,340.41,1267.78,1263.64,1271.91,Lower Than State Average,78.49,48.84,108.15,128.61,127.25,129.98,Lower Than State Average,11.16,9.47,12.85,7.19,7.1,7.28,Higher Than State Average,4.14,1.88,7.27,8.65,8.39,8.9,Lower Than State Average,6.27,2.89,10.95,10.32,9.94,10.7,Not Different Than State Average,20.18,12.99,27.37,19.61,19.09,20.14,Not Different Than State Average,38.74,17.23,60.25,45.6,44.79,46.42,Not Different Than State Average,5.13,2.14,9.42,8.58,8.24,8.93,Not Different Than State Average
10,CUSTER,27,736.85,563.6,910.09,637.8,634.79,640.81,Not Different Than State Average,707.07,584.48,829.65,1267.78,1263.64,1271.91,Lower Than State Average,100.46,61.57,139.35,128.61,127.25,129.98,Not Different Than State Average,14.73,8.61,20.84,7.19,7.1,7.28,Higher Than State Average,,,,8.65,8.39,8.9,No Events or Data Suppressed,15.45,3.48,35.95,10.32,9.94,10.7,Not Different Than State Average,71.73,20.8,122.65,19.61,19.09,20.14,Higher Than State Average,18.31,4.9,40.24,45.6,44.79,46.42,Lower Than State Average,0,0,0,8.58,8.24,8.93,No Events or Data Suppressed
11,PITKIN,97,250.69,216.99,284.38,637.8,634.79,640.81,Lower Than State Average,207.62,178.7,236.55,1267.78,1263.64,1271.91,Lower Than State Average,48.85,33.91,63.8,128.61,127.25,129.98,Lower Than State Average,6.78,4.87,8.69,7.19,7.1,7.28,Not Different Than State Average,1.97,0.37,4.82,8.65,8.39,8.9,Lower Than State Average,4.28,1.06,9.67,10.32,9.94,10.7,Lower Than State Average,20.5,11.32,29.68,19.61,19.09,20.14,Not Different Than State Average,27.48,15.69,39.28,45.6,44.79,46.42,Lower Than State Average,,,,8.58,8.24,8.93,No Events or Data Suppressed
12,CROWLEY,25,534.32,446.39,622.25,637.8,634.79,640.81,Lower Than State Average,1690.88,1544.18,1837.57,1267.78,1263.64,1271.91,Higher Than State Average,176.24,122.12,230.36,128.61,127.25,129.98,Not Different Than State Average,9.7,5.18,14.21,7.19,7.1,7.28,Not Different Than State Average,16.67,4.38,36.68,8.65,8.39,8.9,Not Different Than State Average,,,,10.32,9.94,10.7,No Events or Data Suppressed,17.9,5.59,37.17,19.61,19.09,20.14,Not Different Than State Average,41.94,21.25,69.59,45.6,44.79,46.42,Not Different Than State Average,,,,8.58,8.24,8.93,No Events or Data Suppressed
13,CHEYENNE,17,350.34,231.34,469.35,637.8,634.79,640.81,Lower Than State Average,1252.94,1037.33,1468.56,1267.78,1263.64,1271.91,Not Different Than State Average,122.94,59.8,186.09,128.61,127.25,129.98,Not Different Than State Average,2.5,0.48,6.04,7.19,7.1,7.28,Lower Than State Average,0,0,0,8.65,8.39,8.9,No Events or Data Suppressed,34.48,8.22,78.78,10.32,9.94,10.7,Not Different Than State Average,,,,19.61,19.09,20.14,No Events or Data Suppressed,36.94,9.44,82.48,45.6,44.79,46.42,Not Different Than State Average,0,0,0,8.58,8.24,8.93,No Events or Data Suppressed
14,BENT,11,831.04,720.4,941.67,637.8,634.79,640.81,Higher Than State Average,1930.26,1782.02,2078.51,1267.78,1263.64,1271.91,Higher Than State Average,160.46,117.89,203.02,128.61,127.25,129.98,Not Different Than State Average,7.22,3.44,11,7.19,7.1,7.28,Not Different Than State Average,9.52,3.02,19.61,8.65,8.39,8.9,Not Different Than State Average,10.52,2.03,25.62,10.32,9.94,10.7,Not Different Than State Average,27.71,11.87,50.17,19.61,19.09,20.14,Not Different Than State Average,20.32,7.23,40.02,45.6,44.79,46.42,Lower Than State Average,,,,8.58,8.24,8.93,No Events or Data Suppressed
15,ADAMS,1,762.9,751.53,774.27,637.8,634.79,640.81,Higher Than State Average,1717.27,1699.66,1734.89,1267.78,1263.64,1271.91,Higher Than State Average,139.94,134.4,145.48,128.61,127.25,129.98,Higher Than State Average,7.39,7.11,7.66,7.19,7.1,7.28,Not Different Than State Average,12.85,11.88,13.83,8.65,8.39,8.9,Higher Than State Average,11.05,9.7,12.41,10.32,9.94,10.7,Not Different Than State Average,18.26,16.54,19.99,19.61,19.09,20.14,Not Different Than State Average,53.7,50.52,56.88,45.6,44.79,46.42,Higher Than State Average,12.31,10.9,13.71,8.58,8.24,8.93,Higher Than State Average
16,ELBERT,39,679.52,628.1,730.95,637.8,634.79,640.81,Not Different Than State Average,1034.19,973.69,1094.69,1267.78,1263.64,1271.91,Lower Than State Average,119.69,98.62,140.76,128.61,127.25,129.98,Not Different Than State Average,6.76,5.16,8.37,7.19,7.1,7.28,Not Different Than State Average,0.98,0.18,2.4,8.65,8.39,8.9,Lower Than State Average,20.09,11.31,28.87,10.32,9.94,10.7,Higher Than State Average,18.95,10.93,26.96,19.61,19.09,20.14,Not Different Than State Average,45.71,32.34,59.08,45.6,44.79,46.42,Not Different Than State Average,,,,8.58,8.24,8.93,No Events or Data Suppressed
17,YUMA,125,378.63,324.16,433.1,637.8,634.79,640.81,Lower Than State Average,1427.99,1331.85,1524.13,1267.78,1263.64,1271.91,Higher Than State Average,116.52,90.42,142.63,128.61,127.25,129.98,Not Different Than State Average,5.99,4.21,7.76,7.19,7.1,7.28,Not Different Than State Average,15.58,6.84,24.33,8.65,8.39,8.9,Not Different Than State Average,32.06,15.38,48.75,10.32,9.94,10.7,Higher Than State Average,18.16,8.31,31.8,19.61,19.09,20.14,Not Different Than State Average,41.86,25.43,58.29,45.6,44.79,46.42,Not Different Than State Average,0,0,0,8.58,8.24,8.93,No Events or Data Suppressed
18,LAKE,65,293.95,228.39,359.5,637.8,634.79,640.81,Lower Than State Average,840.53,716.48,964.57,1267.78,1263.64,1271.91,Lower Than State Average,142.15,93.77,190.53,128.61,127.25,129.98,Not Different Than State Average,9.51,6.6,12.43,7.19,7.1,7.28,Not Different Than State Average,15.25,6.95,26.71,8.65,8.39,8.9,Not Different Than State Average,8.31,1.64,20.11,10.32,9.94,10.7,Not Different Than State Average,31.84,16.32,52.48,19.61,19.09,20.14,Not Different Than State Average,33.93,14.73,53.13,45.6,44.79,46.42,Not Different Than State Average,,,,8.58,8.24,8.93,No Events or Data Suppressed
19,DELTA,29,354.51,323.77,385.24,637.8,634.79,640.81,Lower Than State Average,979.2,935.78,1022.62,1267.78,1263.64,1271.91,Lower Than State Average,151.18,135.94,166.42,128.61,127.25,129.98,Higher Than State Average,7.43,6.07,8.79,7.19,7.1,7.28,Not Different Than State Average,9.56,5.9,13.22,8.65,8.39,8.9,Not Different Than State Average,15.28,8.62,21.95,10.32,9.94,10.7,Not Different Than State Average,31.7,22.11,41.28,19.61,19.09,20.14,Higher Than State Average,47.69,37.31,58.06,45.6,44.79,46.42,Not Different Than State Average,1.81,0.3,4.6,8.58,8.24,8.93,Lower Than State Average
20,COSTILLA,23,382.78,288.44,477.11,637.8,634.79,640.81,Lower Than State Average,1664.07,1478.74,1849.4,1267.78,1263.64,1271.91,Higher Than State Average,121.33,83.44,159.22,128.61,127.25,129.98,Not Different Than State Average,13.91,8.39,19.43,7.19,7.1,7.28,Higher Than State Average,23.81,7.6,48.72,8.65,8.39,8.9,Not Different Than State Average,25.76,7.7,54.4,10.32,9.94,10.7,Not Different Than State Average,15.79,2.8,39.36,19.61,19.09,20.14,Not Different Than State Average,32.14,11.35,63.51,45.6,44.79,46.42,Not Different Than State Average,,,,8.58,8.24,8.93,No Events or Data Suppressed
21,GARFIELD,45,393.96,370.67,417.25,637.8,634.79,640.81,Lower Than State Average,797.02,763.08,830.96,1267.78,1263.64,1271.91,Lower Than State Average,116.65,102.91,130.39,128.61,127.25,129.98,Not Different Than State Average,7.09,6.28,7.9,7.19,7.1,7.28,Not Different Than State Average,12.23,9.43,15.04,8.65,8.39,8.9,Higher Than State Average,18.37,13.27,23.47,10.32,9.94,10.7,Higher Than State Average,20.99,15.64,26.33,19.61,19.09,20.14,Not Different Than State Average,45.34,37.09,53.6,45.6,44.79,46.42,Not Different Than State Average,6.05,3.17,8.94,8.58,8.24,8.93,Not Different Than State Average
22,MORGAN,87,614.05,573.66,654.44,637.8,634.79,640.81,Not Different Than State Average,1865.9,1799.51,1932.3,1267.78,1263.64,1271.91,Higher Than State Average,156.76,137.75,175.77,128.61,127.25,129.98,Higher Than State Average,5.03,4.09,5.97,7.19,7.1,7.28,Lower Than State Average,12.59,8.5,16.67,8.65,8.39,8.9,Not Different Than State Average,25.6,16.98,34.22,10.32,9.94,10.7,Higher Than State Average,15.94,9.19,22.69,19.61,19.09,20.14,Not Different Than State Average,64.22,51.19,77.24,45.6,44.79,46.42,Higher Than State Average,4.59,1.73,8.81,8.58,8.24,8.93,Not Different Than State Average
23,PROWERS,99,490.74,433.56,547.92,637.8,634.79,640.81,Lower Than State Average,2319.21,2207.55,2430.86,1267.78,1263.64,1271.91,Higher Than State Average,132.8,106.62,158.98,128.61,127.25,129.98,Not Different Than State Average,6.37,4.69,8.04,7.19,7.1,7.28,Not Different Than State Average,18.78,10.63,26.93,8.65,8.39,8.9,Higher Than State Average,9.89,3.55,19.4,10.32,9.94,10.7,Not Different Than State Average,23.59,10.64,36.53,19.61,19.09,20.14,Not Different Than State Average,78.57,56.96,100.18,45.6,44.79,46.42,Higher Than State Average,10.32,3.81,20.01,8.58,8.24,8.93,Not Different Than State Average
24,MONTEZUMA,83,345.97,313.32,378.63,637.8,634.79,640.81,Lower Than State Average,933.27,884.62,981.93,1267.78,1263.64,1271.91,Lower Than State Average,154.34,135.87,172.82,128.61,127.25,129.98,Higher Than State Average,8.72,7.28,10.17,7.19,7.1,7.28,Higher Than State Average,15.42,10.28,20.56,8.65,8.39,8.9,Higher Than State Average,23.71,14.44,32.98,10.32,9.94,10.7,Higher Than State Average,42.42,30.49,54.37,19.61,19.09,20.14,Higher Than State Average,32.55,23.07,42.02,45.6,44.79,46.42,Lower Than State Average,5.86,2.42,10.78,8.58,8.24,8.93,Not Different Than State Average
25,MINERAL,79,240.27,57.65,422.89,637.8,634.79,640.81,Lower Than State Average,547.29,352.01,742.58,1267.78,1263.64,1271.91,Lower Than State Average,123.83,53.41,194.24,128.61,127.25,129.98,Not Different Than State Average,,,,7.19,7.1,7.28,No Events or Data Suppressed,0,0,0,8.65,8.39,8.9,No Events or Data Suppressed,,,,10.32,9.94,10.7,No Events or Data Suppressed,0,0,0,19.61,19.09,20.14,No Events or Data Suppressed,69.79,12.65,172.94,45.6,44.79,46.42,Not Different Than State Average,0,0,0,8.58,8.24,8.93,No Events or Data Suppressed
26,LINCOLN,73,549.74,463.65,635.82,637.8,634.79,640.81,Not Different Than State Average,1238.95,1122.06,1355.83,1267.78,1263.64,1271.91,Not Different Than State Average,129.69,93.74,165.65,128.61,127.25,129.98,Not Different Than State Average,6.45,3.57,9.33,7.19,7.1,7.28,Not Different Than State Average,,,,8.65,8.39,8.9,No Events or Data Suppressed,16.12,4.62,34.57,10.32,9.94,10.7,Not Different Than State Average,16.46,4.8,35.07,19.61,19.09,20.14,Not Different Than State Average,16.17,4.65,34.65,45.6,44.79,46.42,Lower Than State Average,,,,8.58,8.24,8.93,No Events or Data Suppressed
27,JEFFERSON,59,625.47,616.3,634.63,637.8,634.79,640.81,Lower Than State Average,1020.72,1009.78,1031.66,1267.78,1263.64,1271.91,Lower Than State Average,134.58,130.57,138.59,128.61,127.25,129.98,Higher Than State Average,6.75,6.46,7.04,7.19,7.1,7.28,Lower Than State Average,4.7,4.1,5.29,8.65,8.39,8.9,Lower Than State Average,7.97,6.95,9,10.32,9.94,10.7,Lower Than State Average,17.39,15.85,18.93,19.61,19.09,20.14,Lower Than State Average,41.24,38.89,43.59,45.6,44.79,46.42,Lower Than State Average,8.24,7.17,9.31,8.58,8.24,8.93,Not Different Than State Average
28,RIO BLANCO,103,275.78,219.65,331.92,637.8,634.79,640.81,Lower Than State Average,1039.83,934.16,1145.51,1267.78,1263.64,1271.91,Lower Than State Average,130.49,91.45,169.52,128.61,127.25,129.98,Not Different Than State Average,6.96,4.27,9.64,7.19,7.1,7.28,Not Different Than State Average,,,,8.65,8.39,8.9,No Events or Data Suppressed,14.07,4.16,29.83,10.32,9.94,10.7,Not Different Than State Average,26.79,12,47.43,19.61,19.09,20.14,Not Different Than State Average,35.02,14.63,55.42,45.6,44.79,46.42,Not Different Than State Average,9.34,1.81,22.73,8.58,8.24,8.93,Not Different Than State Average
29,SEDGWICK,115,703.6,550.04,857.16,637.8,634.79,640.81,Not Different Than State Average,1412.51,1213.9,1611.13,1267.78,1263.64,1271.91,Not Different Than State Average,182.03,125.06,239,128.61,127.25,129.98,Not Different Than State Average,6.03,2.45,11.07,7.19,7.1,7.28,Not Different Than State Average,,,,8.65,8.39,8.9,No Events or Data Suppressed,,,,10.32,9.94,10.7,No Events or Data Suppressed,49.21,17.31,97.39,19.61,19.09,20.14,Not Different Than State Average,15.44,1.16,46.02,45.6,44.79,46.42,Not Different Than State Average,,,,8.58,8.24,8.93,No Events or Data Suppressed
30,SAN MIGUEL,113,141.51,99.28,183.74,637.8,634.79,640.81,Lower Than State Average,398.5,316.12,480.88,1267.78,1263.64,1271.91,Lower Than State Average,75.85,34.24,117.46,128.61,127.25,129.98,Lower Than State Average,7.93,5,10.85,7.19,7.1,7.28,Not Different Than State Average,,,,8.65,8.39,8.9,No Events or Data Suppressed,16.22,6.04,31.31,10.32,9.94,10.7,Not Different Than State Average,16.39,6.15,31.55,19.61,19.09,20.14,Not Different Than State Average,6.85,1.1,17.53,45.6,44.79,46.42,Lower Than State Average,0,0,0,8.58,8.24,8.93,No Events or Data Suppressed
31,ALAMOSA,3,465.03,414.94,515.12,637.8,634.79,640.81,Lower Than State Average,1514.98,1426.84,1603.13,1267.78,1263.64,1271.91,Higher Than State Average,205.38,169.25,241.5,128.61,127.25,129.98,Higher Than State Average,8.93,7.19,10.66,7.19,7.1,7.28,Not Different Than State Average,6.88,3.42,11.51,8.65,8.39,8.9,Not Different Than State Average,17.64,8.24,27.05,10.32,9.94,10.7,Not Different Than State Average,28.2,16.03,40.37,19.61,19.09,20.14,Not Different Than State Average,55.6,37.92,73.27,45.6,44.79,46.42,Not Different Than State Average,12.46,5.98,21.29,8.58,8.24,8.93,Not Different Than State Average
32,PHILLIPS,95,607.27,501.39,713.15,637.8,634.79,640.81,Not Different Than State Average,1417.04,1280.55,1553.53,1267.78,1263.64,1271.91,Higher Than State Average,206.65,158.52,254.78,128.61,127.25,129.98,Higher Than State Average,7.61,4.4,10.81,7.19,7.1,7.28,Not Different Than State Average,22.64,8.23,43.97,8.65,8.39,8.9,Not Different Than State Average,21.08,6.17,44.86,10.32,9.94,10.7,Not Different Than State Average,20.52,5.87,44.05,19.61,19.09,20.14,Not Different Than State Average,33.24,13.39,61.97,45.6,44.79,46.42,Not Different Than State Average,0,0,0,8.58,8.24,8.93,No Events or Data Suppressed
33,OURAY,91,129.76,85.21,174.32,637.8,634.79,640.81,Lower Than State Average,374.38,294.59,454.17,1267.78,1263.64,1271.91,Lower Than State Average,77.8,46.62,108.98,128.61,127.25,129.98,Lower Than State Average,9.29,4.48,14.09,7.19,7.1,7.28,Not Different Than State Average,,,,8.65,8.39,8.9,No Events or Data Suppressed,,,,10.32,9.94,10.7,No Events or Data Suppressed,40.53,18.79,70.51,19.61,19.09,20.14,Not Different Than State Average,6.85,0.34,21.62,45.6,44.79,46.42,Lower Than State Average,0,0,0,8.58,8.24,8.93,No Events or Data Suppressed
34,MESA,77,585.85,568.63,603.07,637.8,634.79,640.81,Lower Than State Average,1153.27,1130.82,1175.72,1267.78,1263.64,1271.91,Lower Than State Average,158.88,151.07,166.7,128.61,127.25,129.98,Higher Than State Average,6.66,6.13,7.19,7.19,7.1,7.28,Not Different Than State Average,11.93,10.11,13.75,8.65,8.39,8.9,Higher Than State Average,12.41,9.89,14.92,10.32,9.94,10.7,Not Different Than State Average,25.93,22.2,29.66,19.61,19.09,20.14,Higher Than State Average,46.65,41.98,51.31,45.6,44.79,46.42,Not Different Than State Average,9.86,7.51,12.21,8.58,8.24,8.93,Not Different Than State Average
35,SAGUACHE,109,276.57,215.53,337.6,637.8,634.79,640.81,Lower Than State Average,897.07,792.02,1002.12,1267.78,1263.64,1271.91,Lower Than State Average,154.72,110.93,198.51,128.61,127.25,129.98,Not Different Than State Average,11.63,8.24,15.02,7.19,7.1,7.28,Higher Than State Average,20,8.61,36,8.65,8.39,8.9,Not Different Than State Average,30.5,14.31,52.76,10.32,9.94,10.7,Higher Than State Average,50.23,21.92,78.54,19.61,19.09,20.14,Higher Than State Average,61.92,31.07,92.76,45.6,44.79,46.42,Not Different Than State Average,,,,8.58,8.24,8.93,No Events or Data Suppressed
36,DOUGLAS,35,528.35,516.29,540.4,637.8,634.79,640.81,Lower Than State Average,864.65,848.56,880.75,1267.78,1263.64,1271.91,Lower Than State Average,87.72,82.09,93.34,128.61,127.25,129.98,Lower Than State Average,5.96,5.6,6.32,7.19,7.1,7.28,Lower Than State Average,1.42,1.05,1.79,8.65,8.39,8.9,Lower Than State Average,4.75,3.62,5.88,10.32,9.94,10.7,Lower Than State Average,16.69,14.65,18.74,19.61,19.09,20.14,Lower Than State Average,41.45,37.83,45.07,45.6,44.79,46.42,Not Different Than State Average,3.74,2.76,4.73,8.58,8.24,8.93,Lower Than State Average
37,DOLORES,33,225.74,108.83,342.65,637.8,634.79,640.81,Lower Than State Average,640.78,504.42,777.14,1267.78,1263.64,1271.91,Lower Than State Average,126.84,73.31,180.37,128.61,127.25,129.98,Not Different Than State Average,12.86,6.1,21.64,7.19,7.1,7.28,Not Different Than State Average,,,,8.65,8.39,8.9,No Events or Data Suppressed,,,,10.32,9.94,10.7,No Events or Data Suppressed,,,,19.61,19.09,20.14,No Events or Data Suppressed,,,,45.6,44.79,46.42,No Events or Data Suppressed,0,0,0,8.58,8.24,8.93,No Events or Data Suppressed
38,RIO GRANDE,105,550.8,489.97,611.62,637.8,634.79,640.81,Lower Than State Average,1503.09,1412.66,1593.53,1267.78,1263.64,1271.91,Higher Than State Average,185.71,155.72,215.71,128.61,127.25,129.98,Higher Than State Average,9.11,6.87,11.34,7.19,7.1,7.28,Not Different Than State Average,16,8.22,23.78,8.65,8.39,8.9,Not Different Than State Average,18.3,7.56,29.05,10.32,9.94,10.7,Not Different Than State Average,26.43,12.1,40.77,19.61,19.09,20.14,Not Different Than State Average,74.03,52.97,95.08,45.6,44.79,46.42,Higher Than State Average,15.68,7.1,27.63,8.58,8.24,8.93,Not Different Than State Average
39,PUEBLO,101,910.98,890.49,931.47,637.8,634.79,640.81,Higher Than State Average,2214.9,2185.46,2244.34,1267.78,1263.64,1271.91,Higher Than State Average,131.37,124.44,138.29,128.61,127.25,129.98,Not Different Than State Average,8.26,7.69,8.82,7.19,7.1,7.28,Higher Than State Average,15.09,13.19,16.99,8.65,8.39,8.9,Higher Than State Average,13.7,11.11,16.3,10.32,9.94,10.7,Higher Than State Average,25.43,21.88,28.97,19.61,19.09,20.14,Higher Than State Average,51.59,46.95,56.24,45.6,44.79,46.42,Higher Than State Average,17.04,14.04,20.03,8.58,8.24,8.93,Higher Than State Average
40,KIT CARSON,63,459.68,394.43,524.93,637.8,634.79,640.81,Lower Than State Average,1356.3,1253.04,1459.56,1267.78,1263.64,1271.91,Not Different Than State Average,132.06,102.38,161.73,128.61,127.25,129.98,Not Different Than State Average,6.97,4.6,9.33,7.19,7.1,7.28,Not Different Than State Average,22.86,11.79,33.93,8.65,8.39,8.9,Higher Than State Average,19.71,8.26,36.05,10.32,9.94,10.7,Not Different Than State Average,28.36,11.88,44.85,19.61,19.09,20.14,Not Different Than State Average,30.28,14.68,45.88,45.6,44.79,46.42,Not Different Than State Average,7.63,1.44,18.72,8.58,8.24,8.93,Not Different Than State Average
41,BACA,9,459.02,356.96,561.09,637.8,634.79,640.81,Lower Than State Average,1279.13,1137.06,1421.21,1267.78,1263.64,1271.91,Not Different Than State Average,162.61,120.15,205.07,128.61,127.25,129.98,Not Different Than State Average,2.2,0.58,4.82,7.19,7.1,7.28,Lower Than State Average,5.31,1,12.98,8.65,8.39,8.9,Not Different Than State Average,22.11,5.69,49.24,10.32,9.94,10.7,Not Different Than State Average,37.01,14.2,70.54,19.61,19.09,20.14,Not Different Than State Average,56.52,27.07,96.7,45.6,44.79,46.42,Not Different Than State Average,0,0,0,8.58,8.24,8.93,No Events or Data Suppressed
42,GRAND,49,305.7,263.57,347.82,637.8,634.79,640.81,Lower Than State Average,590.66,533.14,648.18,1267.78,1263.64,1271.91,Lower Than State Average,97.97,72.62,123.31,128.61,127.25,129.98,Lower Than State Average,8.52,6.26,10.78,7.19,7.1,7.28,Not Different Than State Average,6,1.14,14.66,8.65,8.39,8.9,Not Different Than State Average,11.12,4.82,20.02,10.32,9.94,10.7,Not Different Than State Average,27.85,15.35,40.36,19.61,19.09,20.14,Not Different Than State Average,19,8.44,29.55,45.6,44.79,46.42,Lower Than State Average,12.86,5.99,22.33,8.58,8.24,8.93,Not Different Than State Average
43,LOGAN,75,723.28,673.5,773.06,637.8,634.79,640.81,Higher Than State Average,1634.36,1564.38,1704.34,1267.78,1263.64,1271.91,Higher Than State Average,160.49,139.95,181.04,128.61,127.25,129.98,Higher Than State Average,6.33,4.9,7.75,7.19,7.1,7.28,Not Different Than State Average,15.29,9.22,21.36,8.65,8.39,8.9,Higher Than State Average,16.43,8.55,24.3,10.32,9.94,10.7,Not Different Than State Average,22.18,13.1,31.26,19.61,19.09,20.14,Not Different Than State Average,37.49,26.49,48.49,45.6,44.79,46.42,Not Different Than State Average,3.32,0.78,7.61,8.58,8.24,8.93,Lower Than State Average
44,CLEAR CREEK,19,571.88,494.55,649.21,637.8,634.79,640.81,Not Different Than State Average,713.11,618.19,808.02,1267.78,1263.64,1271.91,Lower Than State Average,238.43,164.87,311.98,128.61,127.25,129.98,Higher Than State Average,6.88,4.22,9.53,7.19,7.1,7.28,Not Different Than State Average,,,,8.65,8.39,8.9,No Events or Data Suppressed,10.53,3.26,21.96,10.32,9.94,10.7,Not Different Than State Average,19.72,9.01,34.59,19.61,19.09,20.14,Not Different Than State Average,25.84,13.27,42.56,45.6,44.79,46.42,Lower Than State Average,8.25,2.05,18.6,8.58,8.24,8.93,Not Different Than State Average
45,MOFFAT,81,502.53,446.98,558.08,637.8,634.79,640.81,Lower Than State Average,1459.61,1368.97,1550.25,1267.78,1263.64,1271.91,Higher Than State Average,120.58,91.8,149.35,128.61,127.25,129.98,Not Different Than State Average,7.56,5.82,9.3,7.19,7.1,7.28,Not Different Than State Average,9.38,4.65,14.1,8.65,8.39,8.9,Not Different Than State Average,21.66,10.07,33.25,10.32,9.94,10.7,Not Different Than State Average,23.79,11.82,35.76,19.61,19.09,20.14,Not Different Than State Average,38.43,23.31,53.54,45.6,44.79,46.42,Not Different Than State Average,,,,8.58,8.24,8.93,No Events or Data Suppressed
46,TELLER,119,472.17,430.1,514.23,637.8,634.79,640.81,Lower Than State Average,840.4,789.03,891.78,1267.78,1263.64,1271.91,Lower Than State Average,142.56,119.08,166.05,128.61,127.25,129.98,Not Different Than State Average,10.69,8.65,12.74,7.19,7.1,7.28,Higher Than State Average,3.25,1.48,5.71,8.65,8.39,8.9,Lower Than State Average,11.01,4.47,17.55,10.32,9.94,10.7,Not Different Than State Average,42.34,29.23,55.46,19.61,19.09,20.14,Higher Than State Average,30.58,19.01,42.15,45.6,44.79,46.42,Lower Than State Average,9.41,3.36,15.45,8.58,8.24,8.93,Not Different Than State Average
47,BOULDER,13,439.72,429.15,450.29,637.8,634.79,640.81,Lower Than State Average,852.16,837.8,866.53,1267.78,1263.64,1271.91,Lower Than State Average,111.14,105.86,116.42,128.61,127.25,129.98,Lower Than State Average,6.11,5.71,6.52,7.19,7.1,7.28,Lower Than State Average,5.57,4.68,6.45,8.65,8.39,8.9,Lower Than State Average,6.43,5.2,7.67,10.32,9.94,10.7,Lower Than State Average,17,14.98,19.02,19.61,19.09,20.14,Lower Than State Average,37.89,34.7,41.09,45.6,44.79,46.42,Lower Than State Average,6.89,5.61,8.18,8.58,8.24,8.93,Lower Than State Average
48,KIOWA,61,489.86,320.02,659.71,637.8,634.79,640.81,Not Different Than State Average,1557.8,1260.16,1855.44,1267.78,1263.64,1271.91,Not Different Than State Average,142.52,75.43,209.61,128.61,127.25,129.98,Not Different Than State Average,7.32,2.72,13.91,7.19,7.1,7.28,Not Different Than State Average,,,,8.65,8.39,8.9,No Events or Data Suppressed,,,,10.32,9.94,10.7,No Events or Data Suppressed,,,,19.61,19.09,20.14,No Events or Data Suppressed,91.87,34.09,177.67,45.6,44.79,46.42,Not Different Than State Average,0,0,0,8.58,8.24,8.93,No Events or Data Suppressed
49,CHAFFEE,15,384.99,345.27,424.71,637.8,634.79,640.81,Lower Than State Average,778.57,729.46,827.69,1267.78,1263.64,1271.91,Lower Than State Average,118.68,101.07,136.29,128.61,127.25,129.98,Not Different Than State Average,7.32,5.32,9.31,7.19,7.1,7.28,Not Different Than State Average,5.36,1.93,10.48,8.65,8.39,8.9,Not Different Than State Average,8.8,3.83,15.81,10.32,9.94,10.7,Not Different Than State Average,22.04,12.82,31.25,19.61,19.09,20.14,Not Different Than State Average,30.97,19.98,41.96,45.6,44.79,46.42,Lower Than State Average,9,3.96,16.08,8.58,8.24,8.93,Not Different Than State Average
50,HINSDALE,53,121.2,38.08,251.05,637.8,634.79,640.81,Lower Than State Average,255.29,132.74,377.85,1267.78,1263.64,1271.91,Lower Than State Average,84.28,18.85,196.47,128.61,127.25,129.98,Not Different Than State Average,,,,7.19,7.1,7.28,No Events or Data Suppressed,0,0,0,8.65,8.39,8.9,No Events or Data Suppressed,0,0,0,10.32,9.94,10.7,No Events or Data Suppressed,0,0,0,19.61,19.09,20.14,No Events or Data Suppressed,,,,45.6,44.79,46.42,No Events or Data Suppressed,,,,8.58,8.24,8.93,No Events or Data Suppressed
51,JACKSON,57,444.51,294.68,594.34,637.8,634.79,640.81,Lower Than State Average,789.75,600.72,978.77,1267.78,1263.64,1271.91,Lower Than State Average,126.74,48.1,205.39,128.61,127.25,129.98,Not Different Than State Average,11.47,4.77,20.6,7.19,7.1,7.28,Not Different Than State Average,0,0,0,8.65,8.39,8.9,No Events or Data Suppressed,,,,10.32,9.94,10.7,No Events or Data Suppressed,,,,19.61,19.09,20.14,No Events or Data Suppressed,74.73,24.05,153.37,45.6,44.79,46.42,Not Different Than State Average,,,,8.58,8.24,8.93,No Events or Data Suppressed
52,WELD,123,735.67,721.37,749.98,637.8,634.79,640.81,Higher Than State Average,1607.03,1585.84,1628.22,1267.78,1263.64,1271.91,Higher Than State Average,132.96,126.41,139.5,128.61,127.25,129.98,Not Different Than State Average,6.45,6.11,6.79,7.19,7.1,7.28,Lower Than State Average,12.57,11.29,13.85,8.65,8.39,8.9,Higher Than State Average,16.72,14.57,18.87,10.32,9.94,10.7,Higher Than State Average,18.65,16.35,20.95,19.61,19.09,20.14,Not Different Than State Average,56.69,52.58,60.8,45.6,44.79,46.42,Higher Than State Average,5.61,4.35,6.87,8.58,8.24,8.93,Lower Than State Average
53,SAN JUAN,111,132.93,32.74,300.46,637.8,634.79,640.81,Lower Than State Average,365,156.71,573.28,1267.78,1263.64,1271.91,Lower Than State Average,137.74,35.15,307.65,128.61,127.25,129.98,Not Different Than State Average,15.38,4.38,31.44,7.19,7.1,7.28,Not Different Than State Average,,,,8.65,8.39,8.9,No Events or Data Suppressed,0,0,0,10.32,9.94,10.7,No Events or Data Suppressed,,,,19.61,19.09,20.14,No Events or Data Suppressed,,,,45.6,44.79,46.42,No Events or Data Suppressed,0,0,0,8.58,8.24,8.93,No Events or Data Suppressed
54,MONTROSE,85,359.02,332.45,385.59,637.8,634.79,640.81,Lower Than State Average,986.43,947.86,1025,1267.78,1263.64,1271.91,Lower Than State Average,153.92,140.19,167.64,128.61,127.25,129.98,Higher Than State Average,6.06,5.06,7.06,7.19,7.1,7.28,Lower Than State Average,10.14,7.09,13.2,8.65,8.39,8.9,Not Different Than State Average,17.61,11.67,23.55,10.32,9.94,10.7,Higher Than State Average,19.27,12.96,25.59,19.61,19.09,20.14,Not Different Than State Average,32.49,24.72,40.26,45.6,44.79,46.42,Lower Than State Average,5.75,2.39,9.12,8.58,8.24,8.93,Not Different Than State Average
55,BROOMFIELD,14,521.38,496.16,546.6,637.8,634.79,640.81,Lower Than State Average,902.05,869.43,934.67,1267.78,1263.64,1271.91,Lower Than State Average,106.14,94.46,117.82,128.61,127.25,129.98,Lower Than State Average,6,5.19,6.81,7.19,7.1,7.28,Lower Than State Average,3.63,2.18,5.07,8.65,8.39,8.9,Lower Than State Average,4.7,2.3,7.1,10.32,9.94,10.7,Lower Than State Average,15.39,11.15,19.63,19.61,19.09,20.14,Not Different Than State Average,39.74,32.6,46.87,45.6,44.79,46.42,Not Different Than State Average,7.71,4.77,10.64,8.58,8.24,8.93,Not Different Than State Average
56,WASHINGTON,121,629.72,527.86,731.57,637.8,634.79,640.81,Not Different Than State Average,1191.3,1072.3,1310.31,1267.78,1263.64,1271.91,Not Different Than State Average,136.39,99.83,172.96,128.61,127.25,129.98,Not Different Than State Average,7.72,4.39,11.06,7.19,7.1,7.28,Not Different Than State Average,5.5,1.04,13.45,8.65,8.39,8.9,Not Different Than State Average,52.88,27.81,85.93,10.32,9.94,10.7,Higher Than State Average,,,,19.61,19.09,20.14,No Events or Data Suppressed,45.65,19.67,71.62,45.6,44.79,46.42,Not Different Than State Average,0,0,0,8.58,8.24,8.93,No Events or Data Suppressed
57,ROUTT,107,274.51,244.48,304.53,637.8,634.79,640.81,Lower Than State Average,420,381.1,458.89,1267.78,1263.64,1271.91,Lower Than State Average,82.17,63.82,100.51,128.61,127.25,129.98,Lower Than State Average,6.68,5.18,8.18,7.19,7.1,7.28,Not Different Than State Average,3.11,1.33,5.64,8.65,8.39,8.9,Lower Than State Average,9.56,4.1,15.02,10.32,9.94,10.7,Not Different Than State Average,16.47,9.5,23.43,19.61,19.09,20.14,Not Different Than State Average,13.1,6.08,20.13,45.6,44.79,46.42,Lower Than State Average,10.46,4.82,16.09,8.58,8.24,8.93,Not Different Than State Average
58,ARCHULETA,7,313.2,267.7,358.7,637.8,634.79,640.81,Lower Than State Average,581.66,525.45,637.88,1267.78,1263.64,1271.91,Lower Than State Average,104.11,81.68,126.53,128.61,127.25,129.98,Lower Than State Average,6.5,4.5,8.49,7.19,7.1,7.28,Not Different Than State Average,16.5,7.09,29.73,8.65,8.39,8.9,Not Different Than State Average,15.55,6.05,25.05,10.32,9.94,10.7,Not Different Than State Average,24.89,12.33,37.44,19.61,19.09,20.14,Not Different Than State Average,29.23,15.49,42.97,45.6,44.79,46.42,Lower Than State Average,,,,8.58,8.24,8.93,No Events or Data Suppressed
59,GILPIN,47,522.78,400.9,644.65,637.8,634.79,640.81,Not Different Than State Average,839,673.93,1004.07,1267.78,1263.64,1271.91,Lower Than State Average,219.12,124.42,313.81,128.61,127.25,129.98,Not Different Than State Average,13.3,8.63,17.97,7.19,7.1,7.28,Higher Than State Average,0,0,0,8.65,8.39,8.9,No Events or Data Suppressed,8.12,1.06,21.81,10.32,9.94,10.7,Not Different Than State Average,11.74,2.58,27.53,19.61,19.09,20.14,Not Different Than State Average,45.02,23.9,72.76,45.6,44.79,46.42,Not Different Than State Average,,,,8.58,8.24,8.93,No Events or Data Suppressed
60,DENVER,31,761.87,752.24,771.51,637.8,634.79,640.81,Higher Than State Average,1647.57,1633.59,1661.55,1267.78,1263.64,1271.91,Higher Than State Average,136.26,132.13,140.39,128.61,127.25,129.98,Higher Than State Average,7.33,7.09,7.57,7.19,7.1,7.28,Not Different Than State Average,14.84,13.74,15.95,8.65,8.39,8.9,Higher Than State Average,8.92,7.88,9.96,10.32,9.94,10.7,Not Different Than State Average,15.48,14.13,16.83,19.61,19.09,20.14,Lower Than State Average,59.26,56.51,62.01,45.6,44.79,46.42,Higher Than State Average,11.44,10.31,12.57,8.58,8.24,8.93,Higher Than State Average
61,PARK,93,404.59,358.36,450.81,637.8,634.79,640.81,Lower Than State Average,702.42,644.85,759.99,1267.78,1263.64,1271.91,Lower Than State Average,95.79,71.85,119.73,128.61,127.25,129.98,Lower Than State Average,9.72,7.21,12.23,7.19,7.1,7.28,Not Different Than State Average,3.05,0.8,6.77,8.65,8.39,8.9,Lower Than State Average,15.33,5.68,24.98,10.32,9.94,10.7,Not Different Than State Average,34.58,20.67,48.5,19.61,19.09,20.14,Higher Than State Average,30.52,18.07,42.97,45.6,44.79,46.42,Lower Than State Average,10.45,4.7,18.48,8.58,8.24,8.93,Not Different Than State Average
62,EL PASO,41,657.13,648.33,665.92,637.8,634.79,640.81,Higher Than State Average,1254.62,1242.51,1266.72,1267.78,1263.64,1271.91,Not Different Than State Average,135.96,131.73,140.19,128.61,127.25,129.98,Higher Than State Average,7.78,7.53,8.02,7.19,7.1,7.28,Higher Than State Average,8.21,7.54,8.89,8.65,8.39,8.9,Not Different Than State Average,11.64,10.46,12.81,10.32,9.94,10.7,Not Different Than State Average,23.82,22.16,25.48,19.61,19.09,20.14,Higher Than State Average,37.59,35.43,39.75,45.6,44.79,46.42,Lower Than State Average,10.04,8.96,11.12,8.58,8.24,8.93,Higher Than State Average
63,ARAPAHOE,5,728.63,719.08,738.19,637.8,634.79,640.81,Higher Than State Average,1372.39,1359.41,1385.37,1267.78,1263.64,1271.91,Higher Than State Average,115.91,111.93,119.88,128.61,127.25,129.98,Lower Than State Average,7.63,7.36,7.89,7.19,7.1,7.28,Higher Than State Average,7.37,6.7,8.05,8.65,8.39,8.9,Lower Than State Average,7.67,6.68,8.65,10.32,9.94,10.7,Lower Than State Average,17.79,16.3,19.28,19.61,19.09,20.14,Not Different Than State Average,51.53,48.92,54.14,45.6,44.79,46.42,Higher Than State Average,8.03,7.04,9.02,8.58,8.24,8.93,Not Different Than State Average
64,HUERFANO,55,594.94,471.61,718.27,637.8,634.79,640.81,Not Different Than State Average,1412.37,1286.64,1538.11,1267.78,1263.64,1271.91,Higher Than State Average,151.23,120.14,182.32,128.61,127.25,129.98,Not Different Than State Average,7.05,3.72,10.38,7.19,7.1,7.28,Not Different Than State Average,14.16,6.08,25.54,8.65,8.39,8.9,Not Different Than State Average,28.38,13.02,49.65,10.32,9.94,10.7,Higher Than State Average,40.05,14.29,65.8,19.61,19.09,20.14,Not Different Than State Average,73.34,13.32,133.37,45.6,44.79,46.42,Not Different Than State Average,14.53,4.38,30.59,8.58,8.24,8.93,Not Different Than State Average
